code,name,market,close,volume,trade_value,turnover,short_used_ratio,margin_used_ratio
1101,台泥,TWSE,25.8,23085917.0,597686422.0,0.0,0.0,0.0
1102,亞泥,TWSE,35.65,10580476.0,377801880.0,0.0,0.0,0.0
1103,嘉泥,TWSE,14.05,313245.0,4381366.0,0.0,0.0,0.0
1104,環泥,TWSE,29.5,1069578.0,31767928.0,0.0,0.0,0.0
1108,幸福,TWSE,15.15,172594.0,2614276.0,0.0,0.0,0.0
1109,信大,TWSE,15.45,214265.0,3297049.0,0.0,0.0,0.0
1110,東泥,TWSE,16.4,169070.0,2778499.0,0.0,0.0,0.0
1201,味全,TWSE,14.45,206854.0,2999515.0,0.0,0.0,0.0
1203,味王,TWSE,40.1,43509.0,1740139.0,0.0,0.0,0.0
1210,大成,TWSE,51.4,1552621.0,79625313.0,0.0,0.0,0.0
1213,大飲,TWSE,9.78,10496.0,103928.0,0.0,0.0,0.0
1215,卜蜂,TWSE,148.5,665609.0,98988701.0,0.0,0.0,0.0
1216,統一,TWSE,73.4,7586516.0,557949852.0,0.0,0.0,0.0
1217,愛之味,TWSE,10.55,903667.0,9477881.0,0.0,0.0,0.0
1218,泰山,TWSE,18.2,343076.0,6224939.0,0.0,0.0,0.0
1219,福壽,TWSE,13.55,423845.0,5726556.0,0.0,0.0,0.0
1220,台榮,TWSE,13.05,417155.0,5420950.0,0.0,0.0,0.0
1225,福懋油,TWSE,28.85,103033.0,2967280.0,0.0,0.0,0.0
1227,佳格,TWSE,29.45,1239920.0,36463265.0,0.0,0.0,0.0
1229,聯華,TWSE,45.35,1535362.0,69563373.0,0.0,0.0,0.0
1231,聯華食,TWSE,93.5,332817.0,30976393.0,0.0,0.0,0.0
1232,大統益,TWSE,149.5,173412.0,25812399.0,0.0,0.0,0.0
1233,天仁,TWSE,32.3,22070.0,711909.0,0.0,0.0,0.0
1234,黑松,TWSE,37.15,172244.0,6377163.0,0.0,0.0,0.0
1235,興泰,TWSE,40.95,49833.0,2096654.0,0.0,0.0,0.0
1236,宏亞,TWSE,26.3,53452.0,1401302.0,0.0,0.0,0.0
1256,鮮活果汁-KY,TWSE,159.5,71508.0,11297709.0,0.0,0.0,0.0
1301,台塑,TWSE,46.5,22737416.0,1055881150.0,0.0,0.0,0.0
1303,南亞,TWSE,78.8,132612576.0,10342852039.0,0.0,0.0,0.0
1304,台聚,TWSE,11.7,3941097.0,45898434.0,0.0,0.0,0.0
1305,華夏,TWSE,11.9,1986513.0,23614895.0,0.0,0.0,0.0
1307,三芳,TWSE,33.0,5792378.0,193003616.0,0.0,0.0,0.0
1308,亞聚,TWSE,13.4,1023788.0,13726197.0,0.0,0.0,0.0
1309,台達化,TWSE,12.1,957852.0,11511180.0,0.0,0.0,0.0
1310,台苯,TWSE,9.01,1623949.0,14648343.0,0.0,0.0,0.0
1312,國喬,TWSE,13.1,8016518.0,103984772.0,0.0,0.0,0.0
1313,聯成,TWSE,10.55,1897550.0,19869624.0,0.0,0.0,0.0
1314,中石化,TWSE,7.92,12793390.0,101412743.0,0.0,0.0,0.0
1315,達新,TWSE,64.9,25190.0,1630365.0,0.0,0.0,0.0
1316,上曜,TWSE,13.9,2445611.0,33752511.0,0.0,0.0,0.0
1319,東陽,TWSE,103.0,1511508.0,155482780.0,0.0,0.0,0.0
1321,大洋,TWSE,33.4,130860.0,4350028.0,0.0,0.0,0.0
1323,永裕,TWSE,18.75,40698.0,761154.0,0.0,0.0,0.0
1324,地球,TWSE,10.95,106900.0,1137156.0,0.0,0.0,0.0
1325,恆大,TWSE,30.25,458951.0,13719333.0,0.0,0.0,0.0
1326,台化,TWSE,42.25,52516808.0,2225460339.0,0.0,0.0,0.0
1337,再生-KY,TWSE,5.19,382433.0,1984962.0,0.0,0.0,0.0
1338,廣華-KY,TWSE,19.2,48512.0,932246.0,0.0,0.0,0.0
1339,昭輝,TWSE,43.05,120804.0,5137464.0,0.0,0.0,0.0
1340,勝悅-KY,TWSE,7.21,1038771.0,7531812.0,0.0,0.0,0.0
1341,富林-KY,TWSE,60.6,13179.0,792719.0,0.0,0.0,0.0
1342,八貫,TWSE,100.5,790865.0,80068684.0,0.0,0.0,0.0
1402,遠東新,TWSE,28.4,13059217.0,370463952.0,0.0,0.0,0.0
1409,新纖,TWSE,15.3,5024294.0,76808882.0,0.0,0.0,0.0
1410,南染,TWSE,33.55,139001.0,4629533.0,0.0,0.0,0.0
1413,宏洲,TWSE,10.05,15638.0,155820.0,0.0,0.0,0.0
1414,東和,TWSE,19.9,314654.0,6214763.0,0.0,0.0,0.0
1416,廣豐,TWSE,11.75,66259.0,776423.0,0.0,0.0,0.0
1417,嘉裕,TWSE,8.81,127880.0,1120250.0,0.0,0.0,0.0
1418,東華,TWSE,19.7,21949.0,432596.0,0.0,0.0,0.0
1419,新紡,TWSE,71.6,401403.0,28587427.0,0.0,0.0,0.0
1423,利華,TWSE,38.3,33526.0,1281455.0,0.0,0.0,0.0
1432,大魯閣,TWSE,19.15,505846.0,9622767.0,0.0,0.0,0.0
1434,福懋,TWSE,17.6,2911054.0,51231791.0,0.0,0.0,0.0
1435,中福,TWSE,21.85,13879.0,303433.0,0.0,0.0,0.0
1436,華友聯,TWSE,56.9,217446.0,12340019.0,0.0,0.0,0.0
1437,勤益控,TWSE,32.35,120707.0,3895164.0,0.0,0.0,0.0
1438,三地開發,TWSE,32.2,63754.0,2036552.0,0.0,0.0,0.0
1439,雋揚,TWSE,29.95,109000.0,3244900.0,0.0,0.0,0.0
1440,南紡,TWSE,13.4,1226825.0,16325620.0,0.0,0.0,0.0
1441,大東,TWSE,9.99,27168.0,272083.0,0.0,0.0,0.0
1442,名軒,TWSE,30.15,344312.0,10281944.0,0.0,0.0,0.0
1443,立益物流,TWSE,26.9,25110.0,675390.0,0.0,0.0,0.0
1444,力麗,TWSE,6.29,806629.0,5057339.0,0.0,0.0,0.0
1445,大宇,TWSE,15.3,71374.0,1084224.0,0.0,0.0,0.0
1446,宏和,TWSE,16.25,235026.0,3830054.0,0.0,0.0,0.0
1447,力鵬,TWSE,5.34,784622.0,4207020.0,0.0,0.0,0.0
1449,佳和,TWSE,10.8,372965.0,4032924.0,0.0,0.0,0.0
1451,年興,TWSE,18.0,165948.0,2941713.0,0.0,0.0,0.0
1452,宏益,TWSE,11.7,45275.0,528343.0,0.0,0.0,0.0
1453,大將,TWSE,13.4,173339.0,2343787.0,0.0,0.0,0.0
1454,台富,TWSE,14.25,161149.0,2311010.0,0.0,0.0,0.0
1455,集盛,TWSE,8.51,440333.0,3750516.0,0.0,0.0,0.0
1456,怡華,TWSE,13.0,95000.0,1233550.0,0.0,0.0,0.0
1457,宜進,TWSE,15.15,94772.0,1433984.0,0.0,0.0,0.0
1459,聯發,TWSE,11.85,107644.0,1269042.0,0.0,0.0,0.0
1460,宏遠,TWSE,6.81,1127062.0,7666886.0,0.0,0.0,0.0
1463,強盛新,TWSE,18.1,74341.0,1323074.0,0.0,0.0,0.0
1464,得力,TWSE,11.15,323949.0,3593757.0,0.0,0.0,0.0
1465,偉全,TWSE,12.35,125302.0,1542719.0,0.0,0.0,0.0
1466,聚隆,TWSE,17.4,1367263.0,23894125.0,0.0,0.0,0.0
1467,南緯,TWSE,7.37,128189.0,944098.0,0.0,0.0,0.0
1468,昶和,TWSE,13.0,56000.0,723750.0,0.0,0.0,0.0
1470,大統新創,TWSE,22.95,11000.0,251000.0,0.0,0.0,0.0
1471,首利,TWSE,10.8,1888375.0,20942231.0,0.0,0.0,0.0
1472,三洋實業,TWSE,90.4,97008.0,8785522.0,0.0,0.0,0.0
1473,台南,TWSE,25.4,175290.0,4472955.0,0.0,0.0,0.0
1474,弘裕,TWSE,10.15,99735.0,1013182.0,0.0,0.0,0.0
1475,業旺,TWSE,30.6,63069.0,1918527.0,0.0,0.0,0.0
1476,儒鴻,TWSE,426.0,842895.0,359642875.0,0.0,0.0,0.0
1477,聚陽,TWSE,310.5,626586.0,195281909.0,0.0,0.0,0.0
1503,士電,TWSE,211.5,4011852.0,849531405.0,0.0,0.0,0.0
1504,東元,TWSE,79.8,8242960.0,654415404.0,0.0,0.0,0.0
1506,正道,TWSE,11.7,124199.0,1447971.0,0.0,0.0,0.0
1512,瑞利,TWSE,7.95,121195.0,981320.0,0.0,0.0,0.0
1513,中興電,TWSE,163.5,4158414.0,680729004.0,0.0,0.0,0.0
1514,亞力,TWSE,122.0,2967605.0,359872790.0,0.0,0.0,0.0
1515,力山,TWSE,26.15,179547.0,4669323.0,0.0,0.0,0.0
1516,川飛,TWSE,21.15,26630.0,575347.0,0.0,0.0,0.0
1517,利奇,TWSE,11.8,131636.0,1543701.0,0.0,0.0,0.0
1519,華城,TWSE,967.0,4085008.0,3891989183.0,0.0,0.0,0.0
1521,大億,TWSE,27.0,44899.0,1196466.0,0.0,0.0,0.0
1522,堤維西,TWSE,44.4,4575867.0,203722186.0,0.0,0.0,0.0
1524,耿鼎,TWSE,30.85,1165625.0,35868382.0,0.0,0.0,0.0
1525,江申,TWSE,63.3,57100.0,3620388.0,0.0,0.0,0.0
1526,日馳,TWSE,20.15,121758.0,2483274.0,0.0,0.0,0.0
1527,鑽全,TWSE,34.2,161585.0,5523012.0,0.0,0.0,0.0
1528,恩德,TWSE,22.3,12981682.0,291392191.0,0.0,0.0,0.0
1529,樂事綠能,TWSE,24.95,1975795.0,49036175.0,0.0,0.0,0.0
1530,亞崴,TWSE,29.0,28482.0,821899.0,0.0,0.0,0.0
1531,高林股,TWSE,12.45,184030.0,2278383.0,0.0,0.0,0.0
1532,勤美,TWSE,24.35,570275.0,13876179.0,0.0,0.0,0.0
1533,車王電,TWSE,30.8,118611.0,3666671.0,0.0,0.0,0.0
1535,中宇,TWSE,46.9,183170.0,8537383.0,0.0,0.0,0.0
1536,和大,TWSE,61.0,1063385.0,64569815.0,0.0,0.0,0.0
1537,廣隆,TWSE,123.5,44371.0,5473318.0,0.0,0.0,0.0
1538,正峰,TWSE,25.5,35764.0,928330.0,0.0,0.0,0.0
1539,巨庭,TWSE,18.0,53228.0,959053.0,0.0,0.0,0.0
1540,喬福,TWSE,23.7,312291.0,7419040.0,0.0,0.0,0.0
1541,錩泰,TWSE,25.4,97309.0,2450080.0,0.0,0.0,0.0
1558,伸興,TWSE,95.1,35155.0,3355713.0,0.0,0.0,0.0
1560,中砂,TWSE,425.0,2534882.0,1068579261.0,0.0,0.0,0.0
1563,巧新,TWSE,45.75,547608.0,24999040.0,0.0,0.0,0.0
1568,倉佑,TWSE,22.65,417098.0,9301576.0,0.0,0.0,0.0
1582,信錦,TWSE,68.5,523327.0,35671106.0,0.0,0.0,0.0
1583,程泰,TWSE,47.7,67660.0,3238041.0,0.0,0.0,0.0
1587,吉茂,TWSE,46.45,728900.0,33824954.0,0.0,0.0,0.0
1589,永冠-KY,TWSE,16.55,634117.0,10415184.0,0.0,0.0,0.0
1590,亞德客-KY,TWSE,1200.0,994396.0,1200217955.0,0.0,0.0,0.0
1597,直得,TWSE,77.3,243513.0,18895362.0,0.0,0.0,0.0
1598,岱宇,TWSE,19.7,1682328.0,32028965.0,0.0,0.0,0.0
1603,華電,TWSE,37.9,594148.0,22452368.0,0.0,0.0,0.0
1604,聲寶,TWSE,24.1,409892.0,9828832.0,0.0,0.0,0.0
1605,華新,TWSE,34.7,29728584.0,1032406429.0,0.0,0.0,0.0
1608,華榮,TWSE,34.55,3629038.0,124510080.0,0.0,0.0,0.0
1609,大亞,TWSE,39.1,5015287.0,194526965.0,0.0,0.0,0.0
1611,中電,TWSE,13.15,383135.0,4999569.0,0.0,0.0,0.0
1612,宏泰,TWSE,35.7,772068.0,27496421.0,0.0,0.0,0.0
1614,三洋電,TWSE,34.15,46451.0,1578946.0,0.0,0.0,0.0
1615,大山,TWSE,47.85,125992.0,6020941.0,0.0,0.0,0.0
1616,億泰,TWSE,28.3,917182.0,25814199.0,0.0,0.0,0.0
1617,榮星,TWSE,16.05,165157.0,2659465.0,0.0,0.0,0.0
1618,合機,TWSE,44.75,1637702.0,73510243.0,0.0,0.0,0.0
1623,大東電,TWSE,205.0,308669.0,63492556.0,0.0,0.0,0.0
1626,艾美特-KY,TWSE,10.85,52253.0,560566.0,0.0,0.0,0.0
1702,南僑,TWSE,37.35,406105.0,15113007.0,0.0,0.0,0.0
1707,葡萄王,TWSE,122.0,90982.0,11113366.0,0.0,0.0,0.0
1708,東鹼,TWSE,35.15,1918128.0,67301014.0,0.0,0.0,0.0
1709,和益,TWSE,16.65,279834.0,4678445.0,0.0,0.0,0.0
1710,東聯,TWSE,12.6,1101613.0,13852557.0,0.0,0.0,0.0
1711,永光,TWSE,23.0,8331350.0,191550187.0,0.0,0.0,0.0
1712,興農,TWSE,45.7,546939.0,25037636.0,0.0,0.0,0.0
1713,國化,TWSE,47.45,210331.0,9946069.0,0.0,0.0,0.0
1714,和桐,TWSE,9.25,7177143.0,66772919.0,0.0,0.0,0.0
1717,長興,TWSE,56.8,14196010.0,803472829.0,0.0,0.0,0.0
1718,中纖,TWSE,7.09,2261281.0,15997017.0,0.0,0.0,0.0
1720,生達,TWSE,60.7,271770.0,16456301.0,0.0,0.0,0.0
1721,三晃,TWSE,16.95,1246820.0,21111978.0,0.0,0.0,0.0
1722,台肥,TWSE,46.4,1932423.0,89758204.0,0.0,0.0,0.0
1723,中碳,TWSE,72.2,393340.0,28257947.0,0.0,0.0,0.0
1725,元禎,TWSE,26.95,39254.0,1064904.0,0.0,0.0,0.0
1726,永記,TWSE,76.5,50399.0,3867268.0,0.0,0.0,0.0
1727,中華化,TWSE,42.15,1578526.0,65732308.0,0.0,0.0,0.0
1730,花仙子,TWSE,53.2,119074.0,6316512.0,0.0,0.0,0.0
1731,美吾華,TWSE,21.95,74263.0,1625566.0,0.0,0.0,0.0
1732,毛寶,TWSE,27.65,246891.0,6811553.0,0.0,0.0,0.0
1733,五鼎,TWSE,30.7,188535.0,5787007.0,0.0,0.0,0.0
1734,杏輝,TWSE,30.55,219377.0,6694810.0,0.0,0.0,0.0
1735,日勝化,TWSE,16.3,324152.0,5351362.0,0.0,0.0,0.0
1736,喬山,TWSE,138.0,380359.0,52541725.0,0.0,0.0,0.0
1737,臺鹽,TWSE,31.4,144749.0,4554925.0,0.0,0.0,0.0
1752,南光,TWSE,37.0,47657.0,1761119.0,0.0,0.0,0.0
1760,寶齡富錦,TWSE,61.6,118877.0,7327285.0,0.0,0.0,0.0
1762,中化生,TWSE,26.9,175174.0,4666585.0,0.0,0.0,0.0
1773,勝一,TWSE,146.0,798694.0,116433363.0,0.0,0.0,0.0
1776,展宇,TWSE,15.1,8020.0,122049.0,0.0,0.0,0.0
1783,和康生,TWSE,44.3,58935.0,2609485.0,0.0,0.0,0.0
1786,科妍,TWSE,71.6,274211.0,19585449.0,0.0,0.0,0.0
1789,神隆,TWSE,21.65,2079646.0,44666813.0,0.0,0.0,0.0
1795,美時,TWSE,292.5,9862521.0,2920555690.0,0.0,0.0,0.0
1802,台玻,TWSE,47.05,93106758.0,4288572692.0,0.0,0.0,0.0
1805,寶徠,TWSE,11.75,69858.0,816612.0,0.0,0.0,0.0
1806,冠軍,TWSE,8.88,678989.0,5996359.0,0.0,0.0,0.0
1808,潤隆,TWSE,31.75,1010288.0,31976181.0,0.0,0.0,0.0
1809,中釉,TWSE,23.5,4064357.0,96977984.0,0.0,0.0,0.0
1810,和成,TWSE,18.75,943374.0,17578300.0,0.0,0.0,0.0
1817,凱撒衛,TWSE,38.85,52652.0,2043646.0,0.0,0.0,0.0
1903,士紙,TWSE,55.3,273300.0,15059395.0,0.0,0.0,0.0
1904,正隆,TWSE,18.6,1674112.0,31048972.0,0.0,0.0,0.0
1905,華紙,TWSE,11.95,827442.0,9894822.0,0.0,0.0,0.0
1906,寶隆,TWSE,11.95,104630.0,1228243.0,0.0,0.0,0.0
1907,永豐餘,TWSE,25.9,1181520.0,30597673.0,0.0,0.0,0.0
1909,榮成,TWSE,9.94,1384510.0,13738265.0,0.0,0.0,0.0
2002,中鋼,TWSE,20.9,59286404.0,1237444083.0,0.0,0.0,0.0
2006,東和鋼鐵,TWSE,72.0,1913885.0,138052766.0,0.0,0.0,0.0
2007,燁興,TWSE,8.27,295809.0,2433838.0,0.0,0.0,0.0
2008,高興昌,TWSE,29.8,22390.0,663117.0,0.0,0.0,0.0
2009,第一銅,TWSE,44.7,2230132.0,98458384.0,0.0,0.0,0.0
2010,春源,TWSE,22.5,1616789.0,36340177.0,0.0,0.0,0.0
2012,春雨,TWSE,17.05,46509.0,787287.0,0.0,0.0,0.0
2013,中鋼構,TWSE,41.8,123910.0,5166453.0,0.0,0.0,0.0
2014,中鴻,TWSE,18.15,7524137.0,137373586.0,0.0,0.0,0.0
2015,豐興,TWSE,67.3,335603.0,22398130.0,0.0,0.0,0.0
2017,官田鋼,TWSE,8.85,760710.0,6724022.0,0.0,0.0,0.0
2020,美亞,TWSE,24.35,444657.0,10771745.0,0.0,0.0,0.0
2022,聚亨,TWSE,9.0,1568807.0,14068956.0,0.0,0.0,0.0
2023,燁輝,TWSE,14.95,1457867.0,21781232.0,0.0,0.0,0.0
2024,志聯,TWSE,16.4,21193.0,346765.0,0.0,0.0,0.0
2025,千興,TWSE,12.15,203267.0,2440923.0,0.0,0.0,0.0
2027,大成鋼,TWSE,37.35,8730783.0,325600603.0,0.0,0.0,0.0
2028,威致,TWSE,18.8,142846.0,2674170.0,0.0,0.0,0.0
2029,盛餘,TWSE,21.85,317308.0,6940183.0,0.0,0.0,0.0
2030,彰源,TWSE,16.5,667150.0,11039275.0,0.0,0.0,0.0
2031,新光鋼,TWSE,40.0,940033.0,37614072.0,0.0,0.0,0.0
2032,新鋼,TWSE,16.7,521246.0,8711117.0,0.0,0.0,0.0
2033,佳大,TWSE,16.35,124610.0,2058457.0,0.0,0.0,0.0
2034,允強,TWSE,21.15,801117.0,16958938.0,0.0,0.0,0.0
2038,海光,TWSE,15.6,783845.0,12240702.0,0.0,0.0,0.0
2049,上銀,TWSE,232.0,1895365.0,439806646.0,0.0,0.0,0.0
2059,川湖,TWSE,3030.0,648559.0,1943358335.0,0.0,0.0,0.0
2062,橋椿,TWSE,21.15,299875.0,6351719.0,0.0,0.0,0.0
2069,運錩,TWSE,18.7,172875.0,3234665.0,0.0,0.0,0.0
2101,南港,TWSE,35.15,795003.0,27834726.0,0.0,0.0,0.0
2102,泰豐,TWSE,19.75,405992.0,7956377.0,0.0,0.0,0.0
2103,台橡,TWSE,16.25,3804750.0,61751707.0,0.0,0.0,0.0
2104,國際中橡,TWSE,11.25,1772545.0,19979066.0,0.0,0.0,0.0
2105,正新,TWSE,30.85,16588427.0,508334849.0,0.0,0.0,0.0
2106,建大,TWSE,19.8,398755.0,7868678.0,0.0,0.0,0.0
2107,厚生,TWSE,25.25,189035.0,4759318.0,0.0,0.0,0.0
2108,南帝,TWSE,24.0,482155.0,11579261.0,0.0,0.0,0.0
2109,華豐,TWSE,14.95,129548.0,1926162.0,0.0,0.0,0.0
2114,鑫永銓,TWSE,89.5,57292.0,5127483.0,0.0,0.0,0.0
2115,六暉-KY,TWSE,24.45,69939.0,1712610.0,0.0,0.0,0.0
2201,裕隆,TWSE,30.65,3203332.0,97973892.0,0.0,0.0,0.0
2204,中華,TWSE,59.3,4471909.0,264302783.0,0.0,0.0,0.0
2206,三陽工業,TWSE,60.8,965142.0,58319818.0,0.0,0.0,0.0
2207,和泰車,TWSE,549.0,536627.0,292568171.0,0.0,0.0,0.0
2208,台船,TWSE,23.5,15027471.0,351198214.0,0.0,0.0,0.0
2211,長榮鋼,TWSE,100.5,3704733.0,366533263.0,0.0,0.0,0.0
2227,裕日車,TWSE,53.8,117328.0,6244961.0,0.0,0.0,0.0
2228,劍麟,TWSE,94.1,251440.0,23670295.0,0.0,0.0,0.0
2231,為升,TWSE,90.8,180313.0,16269236.0,0.0,0.0,0.0
2233,宇隆,TWSE,223.0,806387.0,179553595.0,0.0,0.0,0.0
2236,百達-KY,TWSE,112.5,255978.0,28839755.0,0.0,0.0,0.0
2239,英利-KY,TWSE,27.15,187745.0,5123392.0,0.0,0.0,0.0
2241,艾姆勒,TWSE,29.8,360078.0,10764143.0,0.0,0.0,0.0
2243,宏旭-KY,TWSE,11.85,190767.0,2245137.0,0.0,0.0,0.0
2247,汎德永業,TWSE,291.0,525995.0,150902789.0,0.0,0.0,0.0
2248,華勝-KY,TWSE,48.2,29513.0,1402547.0,0.0,0.0,0.0
2250,IKKA-KY,TWSE,70.2,124147.0,8723926.0,0.0,0.0,0.0
2254,巨鎧精密-創,TWSE,58.6,436200.0,25914758.0,0.0,0.0,0.0
2258,鴻華先進-創,TWSE,39.5,821594.0,32303470.0,0.0,0.0,0.0
2301,光寶科,TWSE,179.5,33625719.0,6007849674.0,0.0,0.0,0.0
2302,麗正,TWSE,18.05,916822.0,16607786.0,0.0,0.0,0.0
2303,聯電,TWSE,62.8,87671129.0,5512220535.0,0.0,0.0,0.0
2305,全友,TWSE,12.75,804114.0,10348093.0,0.0,0.0,0.0
2308,台達電,TWSE,1260.0,15443021.0,19154928145.0,0.0,0.0,0.0
2312,金寶,TWSE,24.1,11772673.0,283177981.0,0.0,0.0,0.0
2313,華通,TWSE,186.5,85537718.0,15802820896.0,0.0,0.0,0.0
2314,台揚,TWSE,20.5,132832.0,2718752.0,0.0,0.0,0.0
2316,楠梓電,TWSE,95.8,1288406.0,123000260.0,0.0,0.0,0.0
2317,鴻海,TWSE,227.0,67662179.0,15227871661.0,0.0,0.0,0.0
2321,東訊,TWSE,16.5,2444.0,40185.0,0.0,0.0,0.0
2323,中環,TWSE,10.35,6577895.0,68008987.0,0.0,0.0,0.0
2324,仁寶,TWSE,30.6,24434835.0,747916796.0,0.0,0.0,0.0
2327,國巨*,TWSE,256.0,17027916.0,4333237923.0,0.0,0.0,0.0
2328,廣宇,TWSE,47.8,4698624.0,224409463.0,0.0,0.0,0.0
2329,華泰,TWSE,50.2,4748870.0,239268250.0,0.0,0.0,0.0
2330,台積電,TWSE,1915.0,44684131.0,85272506875.0,0.0,0.0,0.0
2331,精英,TWSE,25.35,2119254.0,53474846.0,0.0,0.0,0.0
2332,友訊,TWSE,15.3,1464651.0,22369332.0,0.0,0.0,0.0
2337,旺宏,TWSE,98.5,347913513.0,33429663267.0,0.0,0.0,0.0
2338,光罩,TWSE,33.65,1378891.0,46407164.0,0.0,0.0,0.0
2340,台亞,TWSE,24.65,1319545.0,32315135.0,0.0,0.0,0.0
2342,茂矽,TWSE,30.5,1177659.0,35929843.0,0.0,0.0,0.0
2344,華邦電,TWSE,105.5,203300198.0,21573724183.0,0.0,0.0,0.0
2345,智邦,TWSE,1450.0,7612726.0,10842388375.0,0.0,0.0,0.0
2347,聯強,TWSE,68.7,7365221.0,509046975.0,0.0,0.0,0.0
2348,海悅,TWSE,74.1,277134.0,20576882.0,0.0,0.0,0.0
2349,錸德,TWSE,13.25,3163326.0,41734389.0,0.0,0.0,0.0
2351,順德,TWSE,86.0,1934278.0,166369027.0,0.0,0.0,0.0
2352,佳世達,TWSE,25.35,3682132.0,92918158.0,0.0,0.0,0.0
2353,宏碁,TWSE,27.1,22429192.0,608445595.0,0.0,0.0,0.0
2354,鴻準,TWSE,58.7,4248961.0,247694066.0,0.0,0.0,0.0
2355,敬鵬,TWSE,38.35,7770556.0,294382322.0,0.0,0.0,0.0
2356,英業達,TWSE,45.35,17825085.0,808597285.0,0.0,0.0,0.0
2357,華碩,TWSE,523.0,3814390.0,1994588280.0,0.0,0.0,0.0
2359,所羅門,TWSE,125.0,831213.0,103643179.0,0.0,0.0,0.0
2360,致茂,TWSE,1050.0,1687834.0,1771135980.0,0.0,0.0,0.0
2362,藍天,TWSE,39.0,967439.0,37601928.0,0.0,0.0,0.0
2363,矽統,TWSE,55.0,20694018.0,1123605557.0,0.0,0.0,0.0
2364,倫飛,TWSE,61.8,153523.0,9449580.0,0.0,0.0,0.0
2365,昆盈,TWSE,35.25,3945430.0,138895818.0,0.0,0.0,0.0
2367,燿華,TWSE,52.5,73695511.0,3816251581.0,0.0,0.0,0.0
2368,金像電,TWSE,829.0,11200192.0,9321042130.0,0.0,0.0,0.0
2369,菱生,TWSE,25.25,3535884.0,88852918.0,0.0,0.0,0.0
2371,大同,TWSE,36.8,10553395.0,389698619.0,0.0,0.0,0.0
2373,震旦行,TWSE,55.5,54023.0,2987804.0,0.0,0.0,0.0
2374,佳能,TWSE,77.5,3125485.0,242379487.0,0.0,0.0,0.0
2375,凱美,TWSE,85.3,906741.0,76603665.0,0.0,0.0,0.0
2376,技嘉,TWSE,229.5,2773402.0,634565179.0,0.0,0.0,0.0
2377,微星,TWSE,90.7,4153003.0,377337108.0,0.0,0.0,0.0
2379,瑞昱,TWSE,476.0,2457613.0,1168274378.0,0.0,0.0,0.0
2380,虹光,TWSE,4.88,101622.0,498013.0,0.0,0.0,0.0
2382,廣達,TWSE,286.0,16720496.0,4759701431.0,0.0,0.0,0.0
2383,台光電,TWSE,2195.0,5309302.0,11463181110.0,0.0,0.0,0.0
2385,群光,TWSE,119.5,2448788.0,292865955.0,0.0,0.0,0.0
2387,精元,TWSE,39.1,327624.0,12742208.0,0.0,0.0,0.0
2388,威盛,TWSE,49.2,4817358.0,238370486.0,0.0,0.0,0.0
2390,云辰,TWSE,10.25,286762.0,2951100.0,0.0,0.0,0.0
2392,正崴,TWSE,38.3,1500327.0,57534235.0,0.0,0.0,0.0
2393,億光,TWSE,57.6,2393716.0,137460113.0,0.0,0.0,0.0
2395,研華,TWSE,305.0,4338052.0,1319499560.0,0.0,0.0,0.0
2397,友通,TWSE,60.5,161895.0,9738955.0,0.0,0.0,0.0
2399,映泰,TWSE,21.7,1459814.0,31810838.0,0.0,0.0,0.0
2401,凌陽,TWSE,21.5,2149262.0,46155670.0,0.0,0.0,0.0
2402,毅嘉,TWSE,53.0,3592299.0,188578722.0,0.0,0.0,0.0
2404,漢唐,TWSE,923.0,2219603.0,2037021902.0,0.0,0.0,0.0
2405,輔信,TWSE,15.6,1405805.0,21978347.0,0.0,0.0,0.0
2406,國碩,TWSE,29.55,27301851.0,795739943.0,0.0,0.0,0.0
2408,南亞科,TWSE,278.0,91754473.0,25248458155.0,0.0,0.0,0.0
2409,友達,TWSE,16.15,494698496.0,7787040416.0,0.0,0.0,0.0
2412,中華電,TWSE,133.0,12766659.0,1699926612.0,0.0,0.0,0.0
2413,環科,TWSE,41.5,6313279.0,263385742.0,0.0,0.0,0.0
2414,精技,TWSE,41.8,234288.0,9779892.0,0.0,0.0,0.0
2415,錩新,TWSE,28.0,374375.0,10478478.0,0.0,0.0,0.0
2417,圓剛,TWSE,36.75,490782.0,18021760.0,0.0,0.0,0.0
2419,仲琦,TWSE,27.8,1226210.0,33806984.0,0.0,0.0,0.0
2420,新巨,TWSE,51.0,249968.0,12755345.0,0.0,0.0,0.0
2421,建準,TWSE,144.5,1456881.0,211123168.0,0.0,0.0,0.0
2423,固緯,TWSE,47.1,298774.0,13783619.0,0.0,0.0,0.0
2424,隴華,TWSE,32.9,69453.0,2250158.0,0.0,0.0,0.0
2425,承啟,TWSE,27.2,758292.0,20762581.0,0.0,0.0,0.0
2426,鼎元,TWSE,18.65,776708.0,14348103.0,0.0,0.0,0.0
2427,三商電,TWSE,26.9,1485026.0,39929505.0,0.0,0.0,0.0
2428,興勤,TWSE,173.5,347154.0,59718596.0,0.0,0.0,0.0
2429,銘旺科,TWSE,55.6,357379.0,19784676.0,0.0,0.0,0.0
2430,燦坤,TWSE,22.7,172386.0,3886815.0,0.0,0.0,0.0
2431,聯昌,TWSE,15.2,1807898.0,27106485.0,0.0,0.0,0.0
2432,倚天酷碁-創,TWSE,24.3,72302.0,1737812.0,0.0,0.0,0.0
2433,互盛電,TWSE,46.8,57175.0,2679000.0,0.0,0.0,0.0
2434,統懋,TWSE,29.8,49064.0,1475848.0,0.0,0.0,0.0
2436,偉詮電,TWSE,59.4,18008472.0,1071827386.0,0.0,0.0,0.0
2438,翔耀,TWSE,22.8,510743.0,11546573.0,0.0,0.0,0.0
2439,美律,TWSE,99.7,693462.0,68939235.0,0.0,0.0,0.0
2440,太空梭,TWSE,15.3,260733.0,3926537.0,0.0,0.0,0.0
2441,超豐,TWSE,88.6,3708697.0,327154545.0,0.0,0.0,0.0
2442,新美齊,TWSE,20.7,1614165.0,32999805.0,0.0,0.0,0.0
2444,兆勁,TWSE,12.45,543396.0,6723396.0,0.0,0.0,0.0
2449,京元電子,TWSE,313.5,22935692.0,7128621239.0,0.0,0.0,0.0
2450,神腦,TWSE,28.9,122684.0,3544939.0,0.0,0.0,0.0
2451,創見,TWSE,219.0,5416645.0,1168701737.0,0.0,0.0,0.0
2453,凌群,TWSE,52.2,520526.0,27182250.0,0.0,0.0,0.0
2454,聯發科,TWSE,1855.0,8732306.0,16026324885.0,0.0,0.0,0.0
2455,全新,TWSE,180.0,37140160.0,6854635901.0,0.0,0.0,0.0
2457,飛宏,TWSE,28.15,2465285.0,69322636.0,0.0,0.0,0.0
2458,義隆,TWSE,119.0,1326433.0,158665143.0,0.0,0.0,0.0
2459,敦吉,TWSE,66.0,90836.0,5953281.0,0.0,0.0,0.0
2460,建通,TWSE,26.35,2359206.0,60323887.0,0.0,0.0,0.0
2461,光群雷,TWSE,16.45,268886.0,4386885.0,0.0,0.0,0.0
2462,良得電,TWSE,25.0,422752.0,10590461.0,0.0,0.0,0.0
2464,盟立,TWSE,71.1,5305527.0,377818328.0,0.0,0.0,0.0
2465,麗臺,TWSE,51.7,224452.0,11586349.0,0.0,0.0,0.0
2466,冠西電,TWSE,52.6,584584.0,31215237.0,0.0,0.0,0.0
2467,志聖,TWSE,273.0,2279616.0,617704772.0,0.0,0.0,0.0
2468,華經,TWSE,35.4,348490.0,12380313.0,0.0,0.0,0.0
2471,資通,TWSE,50.7,277567.0,14070680.0,0.0,0.0,0.0
2472,立隆電,TWSE,108.5,1063980.0,114908281.0,0.0,0.0,0.0
2474,可成,TWSE,192.5,1786571.0,345190475.0,0.0,0.0,0.0
2476,鉅祥,TWSE,82.9,595352.0,49036448.0,0.0,0.0,0.0
2477,美隆電,TWSE,24.1,576785.0,13878643.0,0.0,0.0,0.0
2478,大毅,TWSE,59.6,1490169.0,88725741.0,0.0,0.0,0.0
2480,敦陽科,TWSE,143.5,468278.0,67003709.0,0.0,0.0,0.0
2481,強茂,TWSE,84.2,13130320.0,1131939280.0,0.0,0.0,0.0
2482,連宇,TWSE,17.8,91650.0,1610803.0,0.0,0.0,0.0
2483,百容,TWSE,20.3,190607.0,3881003.0,0.0,0.0,0.0
2484,希華,TWSE,26.4,599319.0,15798155.0,0.0,0.0,0.0
2485,兆赫,TWSE,36.8,26868102.0,988725675.0,0.0,0.0,0.0
2486,一詮,TWSE,152.0,6519440.0,978933323.0,0.0,0.0,0.0
2488,漢平,TWSE,47.3,328386.0,15487029.0,0.0,0.0,0.0
2489,瑞軒,TWSE,27.1,96536765.0,2563549892.0,0.0,0.0,0.0
2491,吉祥全,TWSE,16.25,213341.0,3486406.0,0.0,0.0,0.0
2492,華新科,TWSE,123.5,3550902.0,437659739.0,0.0,0.0,0.0
2493,揚博,TWSE,106.0,1010708.0,104775542.0,0.0,0.0,0.0
2495,普安,TWSE,31.6,3839500.0,120511515.0,0.0,0.0,0.0
2496,卓越,TWSE,69.3,25257.0,1752510.0,0.0,0.0,0.0
2497,怡利電,TWSE,45.1,262846.0,11920022.0,0.0,0.0,0.0
2498,宏達電,TWSE,44.25,3355664.0,149046926.0,0.0,0.0,0.0
2501,國建,TWSE,22.55,1415719.0,31824878.0,0.0,0.0,0.0
2504,國產,TWSE,36.35,1382162.0,50110866.0,0.0,0.0,0.0
2505,國揚,TWSE,18.85,372655.0,7035194.0,0.0,0.0,0.0
2506,太設,TWSE,9.02,220260.0,1973540.0,0.0,0.0,0.0
2509,全坤建,TWSE,14.5,204926.0,2977681.0,0.0,0.0,0.0
2511,太子,TWSE,8.24,1521140.0,12545331.0,0.0,0.0,0.0
2514,龍邦,TWSE,14.75,120451.0,1771326.0,0.0,0.0,0.0
2515,中工,TWSE,15.8,52009865.0,814919183.0,0.0,0.0,0.0
2516,新建,TWSE,14.55,296549.0,4328643.0,0.0,0.0,0.0
2520,冠德,TWSE,31.85,1741129.0,55268829.0,0.0,0.0,0.0
2524,京城,TWSE,41.4,130810.0,5379910.0,0.0,0.0,0.0
2527,宏璟,TWSE,29.5,514316.0,15182229.0,0.0,0.0,0.0
2528,皇普,TWSE,27.7,669903.0,18343333.0,0.0,0.0,0.0
2530,華建,TWSE,25.2,615887.0,15524875.0,0.0,0.0,0.0
2534,宏盛,TWSE,19.8,1177847.0,23209424.0,0.0,0.0,0.0
2535,達欣工,TWSE,71.0,639593.0,45244958.0,0.0,0.0,0.0
2536,宏普,TWSE,22.85,211626.0,4816457.0,0.0,0.0,0.0
2537,聯上發,TWSE,10.55,525649.0,5521072.0,0.0,0.0,0.0
2538,基泰,TWSE,10.5,217467.0,2280860.0,0.0,0.0,0.0
2539,櫻花建,TWSE,48.55,1275077.0,60694178.0,0.0,0.0,0.0
2540,愛山林,TWSE,46.85,455210.0,21410020.0,0.0,0.0,0.0
2542,興富發,TWSE,38.85,6595488.0,255217600.0,0.0,0.0,0.0
2543,皇昌,TWSE,61.2,1999698.0,119975478.0,0.0,0.0,0.0
2545,皇翔,TWSE,37.65,362437.0,13601996.0,0.0,0.0,0.0
2546,根基,TWSE,86.0,65287.0,5601605.0,0.0,0.0,0.0
2547,日勝生,TWSE,10.8,1799765.0,19305264.0,0.0,0.0,0.0
2548,華固,TWSE,108.5,1026248.0,111047972.0,0.0,0.0,0.0
2597,潤弘,TWSE,170.5,332508.0,56305202.0,0.0,0.0,0.0
2601,益航,TWSE,5.37,1475876.0,7915784.0,0.0,0.0,0.0
2603,長榮,TWSE,186.0,5806307.0,1083092408.0,0.0,0.0,0.0
2605,新興,TWSE,29.15,6497493.0,188553121.0,0.0,0.0,0.0
2606,裕民,TWSE,62.6,3692390.0,230292312.0,0.0,0.0,0.0
2607,榮運,TWSE,55.8,444888.0,24966541.0,0.0,0.0,0.0
2608,嘉里大榮,TWSE,32.65,244015.0,7966157.0,0.0,0.0,0.0
2609,陽明,TWSE,53.3,8163488.0,432097576.0,0.0,0.0,0.0
2610,華航,TWSE,22.7,37971314.0,861330540.0,0.0,0.0,0.0
2611,志信,TWSE,14.4,454516.0,6541244.0,0.0,0.0,0.0
2612,中航,TWSE,60.6,1070176.0,64346428.0,0.0,0.0,0.0
2613,中櫃,TWSE,24.2,290187.0,7009652.0,0.0,0.0,0.0
2614,東森,TWSE,20.5,676051.0,13753724.0,0.0,0.0,0.0
2615,萬海,TWSE,75.0,4021102.0,302059707.0,0.0,0.0,0.0
2616,山隆,TWSE,13.7,105851.0,1444559.0,0.0,0.0,0.0
2617,台航,TWSE,30.1,647357.0,19471389.0,0.0,0.0,0.0
2618,長榮航,TWSE,38.85,31065589.0,1205298193.0,0.0,0.0,0.0
2630,亞航,TWSE,50.4,1448764.0,72111395.0,0.0,0.0,0.0
2633,台灣高鐵,TWSE,27.15,5295432.0,144000981.0,0.0,0.0,0.0
2634,漢翔,TWSE,54.4,10541660.0,565097034.0,0.0,0.0,0.0
2636,台驊控股,TWSE,64.1,280111.0,17908217.0,0.0,0.0,0.0
2637,慧洋-KY,TWSE,70.2,1446985.0,101412937.0,0.0,0.0,0.0
2642,宅配通,TWSE,24.45,79404.0,1941690.0,0.0,0.0,0.0
2645,長榮航太,TWSE,164.5,2923095.0,477591544.0,0.0,0.0,0.0
2646,星宇航空,TWSE,22.95,4022348.0,92414228.0,0.0,0.0,0.0
2701,萬企,TWSE,11.05,104399.0,1151902.0,0.0,0.0,0.0
2702,華園,TWSE,11.95,42054.0,500408.0,0.0,0.0,0.0
2704,國賓,TWSE,42.65,147335.0,6315870.0,0.0,0.0,0.0
2705,六福,TWSE,16.2,244125.0,3946967.0,0.0,0.0,0.0
2706,第一店,TWSE,12.9,112805.0,1452696.0,0.0,0.0,0.0
2707,晶華,TWSE,190.0,148704.0,28136638.0,0.0,0.0,0.0
2712,遠雄來,TWSE,17.5,33096.0,571353.0,0.0,0.0,0.0
2722,夏都,TWSE,25.45,60726.0,1547052.0,0.0,0.0,0.0
2723,美食-KY,TWSE,74.3,605114.0,44783043.0,0.0,0.0,0.0
2727,王品,TWSE,215.5,190240.0,41081914.0,0.0,0.0,0.0
2731,雄獅,TWSE,175.5,2073023.0,358904595.0,0.0,0.0,0.0
2739,寒舍,TWSE,33.85,101941.0,3477396.0,0.0,0.0,0.0
2748,雲品,TWSE,41.2,148920.0,6085346.0,0.0,0.0,0.0
2753,八方雲集,TWSE,184.0,265763.0,48706410.0,0.0,0.0,0.0
2762,世界健身-KY,TWSE,73.0,82169.0,5947226.0,0.0,0.0,0.0
2801,彰銀,TWSE,20.75,19890725.0,412736702.0,0.0,0.0,0.0
2812,台中銀,TWSE,20.45,15138961.0,310118897.0,0.0,0.0,0.0
2816,旺旺保,TWSE,28.85,170560.0,4901535.0,0.0,0.0,0.0
2820,華票,TWSE,17.25,4136562.0,71088930.0,0.0,0.0,0.0
2832,台產,TWSE,48.9,135374.0,6600495.0,0.0,0.0,0.0
2834,臺企銀,TWSE,15.8,18014625.0,284785894.0,0.0,0.0,0.0
2836,高雄銀,TWSE,12.4,4425742.0,54799163.0,0.0,0.0,0.0
2838,聯邦銀,TWSE,19.45,3459398.0,67115663.0,0.0,0.0,0.0
2845,遠東銀,TWSE,12.6,13380833.0,169135380.0,0.0,0.0,0.0
2849,安泰銀,TWSE,13.45,262256.0,3530590.0,0.0,0.0,0.0
2850,新產,TWSE,114.0,199838.0,22804395.0,0.0,0.0,0.0
2851,中再保,TWSE,27.45,1256362.0,34443053.0,0.0,0.0,0.0
2852,第一保,TWSE,27.2,391642.0,10628944.0,0.0,0.0,0.0
2855,統一證,TWSE,29.5,9359243.0,274875216.0,0.0,0.0,0.0
2867,三商壽,TWSE,8.02,33349023.0,266765546.0,0.0,0.0,0.0
2880,華南金,TWSE,34.6,19596283.0,675579937.0,0.0,0.0,0.0
2881,富邦金,TWSE,95.2,17238526.0,1642775822.0,0.0,0.0,0.0
2882,國泰金,TWSE,78.8,29467284.0,2314743223.0,0.0,0.0,0.0
2883,凱基金,TWSE,19.25,83501074.0,1598142626.0,0.0,0.0,0.0
2884,玉山金,TWSE,34.15,34829327.0,1186310699.0,0.0,0.0,0.0
2885,元大金,TWSE,44.75,23360310.0,1048154636.0,0.0,0.0,0.0
2886,兆豐金,TWSE,40.05,25188751.0,1007961903.0,0.0,0.0,0.0
2887,台新新光金,TWSE,24.0,81495340.0,1960412178.0,0.0,0.0,0.0
2889,國票金,TWSE,17.2,10493581.0,180575806.0,0.0,0.0,0.0
2890,永豐金,TWSE,31.1,45359990.0,1405400186.0,0.0,0.0,0.0
2891,中信金,TWSE,52.2,35413891.0,1844985497.0,0.0,0.0,0.0
2892,第一金,TWSE,29.45,22719245.0,667985246.0,0.0,0.0,0.0
2897,王道銀行,TWSE,9.7,16002415.0,154658922.0,0.0,0.0,0.0
2901,欣欣,TWSE,24.5,57460.0,1384067.0,0.0,0.0,0.0
2903,遠百,TWSE,22.95,4627012.0,106341897.0,0.0,0.0,0.0
2904,匯僑,TWSE,17.05,79489.0,1351110.0,0.0,0.0,0.0
2905,三商,TWSE,15.6,1010537.0,15678534.0,0.0,0.0,0.0
2906,高林,TWSE,12.5,150640.0,1875616.0,0.0,0.0,0.0
2908,特力,TWSE,20.85,225345.0,4690011.0,0.0,0.0,0.0
2910,統領,TWSE,21.45,21057.0,449475.0,0.0,0.0,0.0
2911,麗嬰房,TWSE,5.14,70963.0,362503.0,0.0,0.0,0.0
2912,統一超,TWSE,223.0,1932899.0,430164069.0,0.0,0.0,0.0
2913,農林,TWSE,12.95,737337.0,9558272.0,0.0,0.0,0.0
2915,潤泰全,TWSE,52.2,1104366.0,57652957.0,0.0,0.0,0.0
2923,鼎固-KY,TWSE,22.7,381596.0,8500038.0,0.0,0.0,0.0
2929,淘帝-KY,TWSE,7.6,321504.0,2448015.0,0.0,0.0,0.0
2939,永邑-KY,TWSE,23.75,19214.0,453199.0,0.0,0.0,0.0
2945,三商家購,TWSE,41.9,35763.0,1492750.0,0.0,0.0,0.0
3002,歐格,TWSE,21.55,243345.0,5243414.0,0.0,0.0,0.0
3003,健和興,TWSE,49.1,362419.0,17797074.0,0.0,0.0,0.0
3004,豐達科,TWSE,112.5,367251.0,41456214.0,0.0,0.0,0.0
3005,神基,TWSE,110.5,4045932.0,445545587.0,0.0,0.0,0.0
3006,晶豪科,TWSE,154.0,11837264.0,1826747740.0,0.0,0.0,0.0
3008,大立光,TWSE,2290.0,485282.0,1119483835.0,0.0,0.0,0.0
3010,華立,TWSE,122.0,1805827.0,220887821.0,0.0,0.0,0.0
3011,今皓,TWSE,12.95,299177.0,3875928.0,0.0,0.0,0.0
3013,晟銘電,TWSE,107.5,1430831.0,153675463.0,0.0,0.0,0.0
3014,聯陽,TWSE,119.5,481859.0,57609835.0,0.0,0.0,0.0
3015,全漢,TWSE,54.2,809204.0,43953822.0,0.0,0.0,0.0
3016,嘉晶,TWSE,55.5,1734726.0,96596459.0,0.0,0.0,0.0
3017,奇鋐,TWSE,1605.0,3294642.0,5266533000.0,0.0,0.0,0.0
3018,隆銘綠能,TWSE,13.15,102127.0,1347154.0,0.0,0.0,0.0
3019,亞光,TWSE,148.0,5829002.0,871191280.0,0.0,0.0,0.0
3021,鴻名,TWSE,17.15,133710.0,2269697.0,0.0,0.0,0.0
3022,威強電,TWSE,60.7,516270.0,31104450.0,0.0,0.0,0.0
3023,信邦,TWSE,233.0,1348541.0,315256704.0,0.0,0.0,0.0
3024,憶聲,TWSE,10.3,401198.0,4112505.0,0.0,0.0,0.0
3025,星通,TWSE,54.1,1147641.0,62548772.0,0.0,0.0,0.0
3026,禾伸堂,TWSE,104.5,730411.0,76200749.0,0.0,0.0,0.0
3027,盛達,TWSE,23.1,297280.0,6832948.0,0.0,0.0,0.0
3028,增你強,TWSE,47.95,34282296.0,1610874172.0,0.0,0.0,0.0
3029,零壹,TWSE,114.0,2628346.0,301142524.0,0.0,0.0,0.0
3030,德律,TWSE,185.0,1527356.0,282167333.0,0.0,0.0,0.0
3031,佰鴻,TWSE,20.0,226728.0,4517964.0,0.0,0.0,0.0
3032,偉訓,TWSE,73.7,612995.0,45418376.0,0.0,0.0,0.0
3033,威健,TWSE,31.55,5941008.0,186095196.0,0.0,0.0,0.0
3034,聯詠,TWSE,375.0,2371647.0,893266479.0,0.0,0.0,0.0
3035,智原,TWSE,162.0,6137249.0,994786486.0,0.0,0.0,0.0
3036,文曄,TWSE,175.0,14113752.0,2431889480.0,0.0,0.0,0.0
3037,欣興,TWSE,369.0,46907630.0,17472837638.0,0.0,0.0,0.0
3038,全台,TWSE,22.75,617788.0,14011262.0,0.0,0.0,0.0
3040,遠見,TWSE,42.2,113709.0,4779068.0,0.0,0.0,0.0
3041,揚智,TWSE,24.55,1388908.0,34025828.0,0.0,0.0,0.0
3042,晶技,TWSE,88.1,1236975.0,108841654.0,0.0,0.0,0.0
3043,科風,TWSE,21.45,117865.0,2537353.0,0.0,0.0,0.0
3044,健鼎,TWSE,388.0,5490180.0,2145528139.0,0.0,0.0,0.0
3045,台灣大,TWSE,106.5,6865700.0,731223834.0,0.0,0.0,0.0
3046,建碁,TWSE,48.7,524089.0,25561144.0,0.0,0.0,0.0
3047,訊舟,TWSE,17.4,1271900.0,22041107.0,0.0,0.0,0.0
3048,益登,TWSE,38.15,1582119.0,60211156.0,0.0,0.0,0.0
3049,精金,TWSE,9.25,3119691.0,28707337.0,0.0,0.0,0.0
3050,鈺德,TWSE,12.95,506142.0,6531394.0,0.0,0.0,0.0
3051,力特,TWSE,22.15,606967.0,13514436.0,0.0,0.0,0.0
3052,夆典,TWSE,11.6,446019.0,5173804.0,0.0,0.0,0.0
3054,立萬利,TWSE,30.85,81091.0,2531044.0,0.0,0.0,0.0
3055,蔚華科,TWSE,64.6,563706.0,36532044.0,0.0,0.0,0.0
3056,富華新,TWSE,17.15,784693.0,13407453.0,0.0,0.0,0.0
3057,喬鼎,TWSE,16.0,202147.0,3257527.0,0.0,0.0,0.0
3058,立德,TWSE,9.75,800141.0,7769262.0,0.0,0.0,0.0
3059,華晶科,TWSE,38.4,1731307.0,66117392.0,0.0,0.0,0.0
3060,銘異,TWSE,30.3,2401455.0,72759340.0,0.0,0.0,0.0
3062,建漢,TWSE,25.35,6375132.0,161841280.0,0.0,0.0,0.0
3090,日電貿,TWSE,92.9,3375054.0,311347418.0,0.0,0.0,0.0
3092,鴻碩,TWSE,23.15,237078.0,5505808.0,0.0,0.0,0.0
3094,聯傑,TWSE,24.55,223215.0,5480885.0,0.0,0.0,0.0
3130,一零四,TWSE,223.0,26753.0,5986405.0,0.0,0.0,0.0
3135,凌航,TWSE,114.5,4313370.0,504576988.0,0.0,0.0,0.0
3138,耀登,TWSE,155.5,4984337.0,764005207.0,0.0,0.0,0.0
3149,正達,TWSE,49.2,6639847.0,326735390.0,0.0,0.0,0.0
3150,鈺寶-創,TWSE,17.2,111000.0,1918000.0,0.0,0.0,0.0
3164,景岳,TWSE,17.75,62624.0,1104815.0,0.0,0.0,0.0
3167,大量,TWSE,271.5,10013137.0,2710661114.0,0.0,0.0,0.0
3168,眾福科,TWSE,39.95,37235.0,1460682.0,0.0,0.0,0.0
3189,景碩,TWSE,265.5,36128337.0,9509314171.0,0.0,0.0,0.0
3209,全科,TWSE,37.4,3232082.0,120961629.0,0.0,0.0,0.0
3229,晟鈦,TWSE,20.85,299088.0,6199765.0,0.0,0.0,0.0
3231,緯創,TWSE,131.5,29446579.0,3846795455.0,0.0,0.0,0.0
3257,虹冠電,TWSE,60.0,271033.0,16281991.0,0.0,0.0,0.0
3266,昇陽,TWSE,14.05,111511.0,1535169.0,0.0,0.0,0.0
3296,勝德,TWSE,23.8,73798.0,1768622.0,0.0,0.0,0.0
3305,昇貿,TWSE,109.0,2132935.0,232985355.0,0.0,0.0,0.0
3308,聯德,TWSE,21.35,784560.0,16809784.0,0.0,0.0,0.0
3311,閎暉,TWSE,30.6,209976.0,6439233.0,0.0,0.0,0.0
3312,弘憶股,TWSE,37.55,673046.0,25250158.0,0.0,0.0,0.0
3321,同泰,TWSE,17.7,291964.0,5185256.0,0.0,0.0,0.0
3338,泰碩,TWSE,52.2,395609.0,20354054.0,0.0,0.0,0.0
3346,麗清,TWSE,20.75,320933.0,6656305.0,0.0,0.0,0.0
3356,奇偶,TWSE,46.5,346867.0,16109902.0,0.0,0.0,0.0
3376,新日興,TWSE,192.5,2526449.0,486759947.0,0.0,0.0,0.0
3380,明泰,TWSE,30.15,1379200.0,41498811.0,0.0,0.0,0.0
3406,玉晶光,TWSE,429.5,517700.0,222597214.0,0.0,0.0,0.0
3413,京鼎,TWSE,289.0,958144.0,276738927.0,0.0,0.0,0.0
3416,融程電,TWSE,142.5,149202.0,21279475.0,0.0,0.0,0.0
3419,譁裕,TWSE,15.3,385754.0,5784802.0,0.0,0.0,0.0
3432,台端,TWSE,17.4,368469.0,6515524.0,0.0,0.0,0.0
3437,榮創,TWSE,15.45,704461.0,10876794.0,0.0,0.0,0.0
3443,創意,TWSE,2475.0,1316450.0,3266527055.0,0.0,0.0,0.0
3447,展達,TWSE,40.35,163776.0,6618571.0,0.0,0.0,0.0
3450,聯鈞,TWSE,243.0,4181060.0,1015900010.0,0.0,0.0,0.0
3454,晶睿,TWSE,99.2,109007.0,10815234.0,0.0,0.0,0.0
3481,群創,TWSE,21.95,270430860.0,5882279117.0,0.0,0.0,0.0
3494,誠研,TWSE,8.9,309715.0,2671180.0,0.0,0.0,0.0
3501,維熹,TWSE,50.5,284165.0,14368162.0,0.0,0.0,0.0
3504,揚明光,TWSE,53.8,235538.0,12673621.0,0.0,0.0,0.0
3515,華擎,TWSE,221.5,1214464.0,272631813.0,0.0,0.0,0.0
3518,柏騰,TWSE,20.8,226806.0,4727256.0,0.0,0.0,0.0
3528,安馳,TWSE,72.1,1239880.0,90969433.0,0.0,0.0,0.0
3530,晶相光,TWSE,62.9,115645.0,7216063.0,0.0,0.0,0.0
3532,台勝科,TWSE,148.0,7632978.0,1112176679.0,0.0,0.0,0.0
3533,嘉澤,TWSE,1645.0,1451099.0,2372154585.0,0.0,0.0,0.0
3535,晶彩科,TWSE,103.5,4483315.0,460945306.0,0.0,0.0,0.0
3543,州巧,TWSE,44.45,1314987.0,57902531.0,0.0,0.0,0.0
3545,敦泰,TWSE,51.1,911275.0,46696217.0,0.0,0.0,0.0
3550,聯穎,TWSE,19.6,10961164.0,218282224.0,0.0,0.0,0.0
3557,嘉威,TWSE,34.35,103081.0,3531353.0,0.0,0.0,0.0
3563,牧德,TWSE,485.0,529774.0,255187696.0,0.0,0.0,0.0
3576,聯合再生,TWSE,15.15,45343576.0,661006279.0,0.0,0.0,0.0
3583,辛耘,TWSE,320.5,313016.0,99758704.0,0.0,0.0,0.0
3588,通嘉,TWSE,52.0,449372.0,23478570.0,0.0,0.0,0.0
3591,艾笛森,TWSE,19.2,229509.0,4390480.0,0.0,0.0,0.0
3592,瑞鼎,TWSE,223.5,506304.0,113088283.0,0.0,0.0,0.0
3593,力銘,TWSE,11.9,24269.0,286717.0,0.0,0.0,0.0
3596,智易,TWSE,184.0,831539.0,152523731.0,0.0,0.0,0.0
3605,宏致,TWSE,64.2,3160095.0,205131794.0,0.0,0.0,0.0
3607,谷崧,TWSE,13.65,501360.0,6876687.0,0.0,0.0,0.0
3617,碩天,TWSE,192.0,134992.0,25705287.0,0.0,0.0,0.0
3622,洋華,TWSE,58.1,599227.0,34644353.0,0.0,0.0,0.0
3645,達邁,TWSE,55.6,2046479.0,115022188.0,0.0,0.0,0.0
3652,精聯,TWSE,28.75,27323.0,768007.0,0.0,0.0,0.0
3653,健策,TWSE,3205.0,1743426.0,5648890905.0,0.0,0.0,0.0
3661,世芯-KY,TWSE,3380.0,1915065.0,6477490825.0,0.0,0.0,0.0
3665,貿聯-KY,TWSE,1365.0,7166486.0,10027732950.0,0.0,0.0,0.0
3669,圓展,TWSE,32.75,195487.0,6357683.0,0.0,0.0,0.0
3673,TPK-KY,TWSE,38.85,1871476.0,73477465.0,0.0,0.0,0.0
3679,新至陞,TWSE,114.0,66070.0,7536292.0,0.0,0.0,0.0
3686,達能,TWSE,18.9,514568.0,9739980.0,0.0,0.0,0.0
3694,海華,TWSE,60.5,2367173.0,144767878.0,0.0,0.0,0.0
3701,大眾控,TWSE,47.2,2265330.0,108384221.0,0.0,0.0,0.0
3702,大聯大,TWSE,64.5,5435539.0,351782847.0,0.0,0.0,0.0
3703,欣陸,TWSE,22.9,2050203.0,46368674.0,0.0,0.0,0.0
3704,合勤控,TWSE,32.7,2901908.0,94747792.0,0.0,0.0,0.0
3705,永信,TWSE,55.3,239282.0,13177794.0,0.0,0.0,0.0
3706,神達,TWSE,78.4,6843938.0,538219237.0,0.0,0.0,0.0
3708,上緯投控,TWSE,103.0,555209.0,57400692.0,0.0,0.0,0.0
3711,日月光投控,TWSE,354.5,21200491.0,7434683043.0,0.0,0.0,0.0
3712,永崴投控,TWSE,24.75,974091.0,24170563.0,0.0,0.0,0.0
3714,富采,TWSE,35.7,2822653.0,100188995.0,0.0,0.0,0.0
3715,定穎投控,TWSE,141.0,12619032.0,1791168739.0,0.0,0.0,0.0
3716,中化控股,TWSE,33.9,122989.0,4169227.0,0.0,0.0,0.0
3717,聯嘉投控,TWSE,17.3,366463.0,6345420.0,0.0,0.0,0.0
4104,佳醫,TWSE,77.7,219231.0,17008104.0,0.0,0.0,0.0
4106,雃博,TWSE,23.1,63907.0,1467168.0,0.0,0.0,0.0
4108,懷特,TWSE,14.55,324914.0,4683984.0,0.0,0.0,0.0
4119,旭富,TWSE,52.0,138994.0,7272471.0,0.0,0.0,0.0
4133,亞諾法,TWSE,25.35,201528.0,5067303.0,0.0,0.0,0.0
4137,麗豐-KY,TWSE,110.0,311953.0,34259221.0,0.0,0.0,0.0
4142,國光生,TWSE,18.05,2373096.0,42723383.0,0.0,0.0,0.0
4148,全宇生技-KY,TWSE,36.5,39450.0,1430623.0,0.0,0.0,0.0
4155,訊映,TWSE,14.15,175269.0,2474428.0,0.0,0.0,0.0
4164,承業醫,TWSE,33.45,694968.0,23048555.0,0.0,0.0,0.0
4190,佐登-KY,TWSE,28.95,35850.0,1039798.0,0.0,0.0,0.0
4306,炎洲,TWSE,13.5,717603.0,9633593.0,0.0,0.0,0.0
4414,如興,TWSE,10.2,157042.0,1598095.0,0.0,0.0,0.0
4426,利勤,TWSE,9.21,170845.0,1576222.0,0.0,0.0,0.0
4438,廣越,TWSE,68.6,36471.0,2489679.0,0.0,0.0,0.0
4439,冠星-KY,TWSE,102.0,17214.0,1763869.0,0.0,0.0,0.0
4440,宜新實業,TWSE,17.35,72607.0,1254708.0,0.0,0.0,0.0
4441,振大環球,TWSE,249.5,51610.0,12950456.0,0.0,0.0,0.0
4526,東台,TWSE,32.55,3354087.0,108713306.0,0.0,0.0,0.0
4532,瑞智,TWSE,25.5,730229.0,18626532.0,0.0,0.0,0.0
4536,拓凱,TWSE,165.0,576221.0,95319754.0,0.0,0.0,0.0
4540,全球傳動,TWSE,47.85,3664702.0,176689289.0,0.0,0.0,0.0
4545,銘鈺,TWSE,33.4,165023.0,5565216.0,0.0,0.0,0.0
4551,智伸科,TWSE,122.0,221134.0,26967936.0,0.0,0.0,0.0
4552,力達-KY,TWSE,23.45,90895.0,2127993.0,0.0,0.0,0.0
4555,氣立,TWSE,38.2,90547.0,3465956.0,0.0,0.0,0.0
4557,永新-KY,TWSE,67.8,56658.0,3824631.0,0.0,0.0,0.0
4560,強信-KY,TWSE,33.0,297199.0,9645367.0,0.0,0.0,0.0
4562,穎漢,TWSE,36.55,171971.0,6221945.0,0.0,0.0,0.0
4564,元翎,TWSE,16.45,512003.0,8453969.0,0.0,0.0,0.0
4566,時碩工業,TWSE,58.2,353663.0,20350587.0,0.0,0.0,0.0
4569,六方科-KY,TWSE,146.5,30538.0,4427638.0,0.0,0.0,0.0
4571,鈞興-KY,TWSE,172.0,227237.0,39053706.0,0.0,0.0,0.0
4572,駐龍,TWSE,147.0,27407.0,3992429.0,0.0,0.0,0.0
4576,大銀微系統,TWSE,113.5,480763.0,54283354.0,0.0,0.0,0.0
4581,光隆精密-KY,TWSE,51.0,12090.0,614690.0,0.0,0.0,0.0
4583,台灣精銳,TWSE,689.0,125099.0,85734278.0,0.0,0.0,0.0
4585,達明,TWSE,337.0,353221.0,119620747.0,0.0,0.0,0.0
4588,玖鼎電力,TWSE,65.0,35762.0,2311384.0,0.0,0.0,0.0
4590,富田-創,TWSE,77.3,276849.0,21471762.0,0.0,0.0,0.0
4720,德淵,TWSE,16.25,517404.0,8358325.0,0.0,0.0,0.0
4722,國精化,TWSE,170.0,2661545.0,454534253.0,0.0,0.0,0.0
4736,泰博,TWSE,125.5,239726.0,30018304.0,0.0,0.0,0.0
4737,華廣,TWSE,55.9,655964.0,36566632.0,0.0,0.0,0.0
4739,康普,TWSE,68.0,1078386.0,73372572.0,0.0,0.0,0.0
4746,台耀,TWSE,56.7,536702.0,30385909.0,0.0,0.0,0.0
4755,三福化,TWSE,125.0,551696.0,67594756.0,0.0,0.0,0.0
4763,材料*-KY,TWSE,48.7,3883317.0,189692518.0,0.0,0.0,0.0
4764,雙鍵,TWSE,102.5,1355591.0,138270358.0,0.0,0.0,0.0
4766,南寶,TWSE,318.5,296735.0,93683414.0,0.0,0.0,0.0
4770,上品,TWSE,238.0,555901.0,131815875.0,0.0,0.0,0.0
4771,望隼,TWSE,178.0,79849.0,14204322.0,0.0,0.0,0.0
4807,日成-KY,TWSE,17.65,23068.0,409643.0,0.0,0.0,0.0
4904,遠傳,TWSE,91.9,7061801.0,650081248.0,0.0,0.0,0.0
4906,正文,TWSE,25.7,2589165.0,66574685.0,0.0,0.0,0.0
4912,聯德控股-KY,TWSE,87.8,179961.0,15820969.0,0.0,0.0,0.0
4915,致伸,TWSE,81.3,1581802.0,128252091.0,0.0,0.0,0.0
4916,事欣科,TWSE,60.2,7453582.0,450230129.0,0.0,0.0,0.0
4919,新唐,TWSE,60.3,5516565.0,339159860.0,0.0,0.0,0.0
4927,泰鼎-KY,TWSE,33.3,7154961.0,237942914.0,0.0,0.0,0.0
4930,燦星網,TWSE,21.9,101674.0,2214472.0,0.0,0.0,0.0
4934,太極,TWSE,16.25,1324671.0,21596191.0,0.0,0.0,0.0
4935,茂林-KY,TWSE,38.7,68371.0,2637346.0,0.0,0.0,0.0
4938,和碩,TWSE,70.5,8178468.0,575051546.0,0.0,0.0,0.0
4942,嘉彰,TWSE,37.6,204926.0,7660863.0,0.0,0.0,0.0
4943,康控-KY,TWSE,11.8,31554.0,371600.0,0.0,0.0,0.0
4949,有成精密,TWSE,43.95,888921.0,39205821.0,0.0,0.0,0.0
4952,凌通,TWSE,40.85,500342.0,20239268.0,0.0,0.0,0.0
4956,光鋐,TWSE,24.25,3041109.0,74950354.0,0.0,0.0,0.0
4958,臻鼎-KY,TWSE,178.0,9544112.0,1706018859.0,0.0,0.0,0.0
4960,誠美材,TWSE,13.35,2334651.0,31220135.0,0.0,0.0,0.0
4961,天鈺,TWSE,143.0,724621.0,104220332.0,0.0,0.0,0.0
4967,十銓,TWSE,199.5,4892096.0,976730978.0,0.0,0.0,0.0
4968,立積,TWSE,118.5,533097.0,63464427.0,0.0,0.0,0.0
4976,佳凌,TWSE,30.2,666511.0,20222693.0,0.0,0.0,0.0
4977,眾達-KY,TWSE,125.5,8425960.0,1059667326.0,0.0,0.0,0.0
4989,榮科,TWSE,50.2,8191121.0,409593537.0,0.0,0.0,0.0
4994,傳奇,TWSE,102.0,34859.0,3560325.0,0.0,0.0,0.0
4999,鑫禾,TWSE,23.2,42516.0,980898.0,0.0,0.0,0.0
5007,三星,TWSE,59.2,69347.0,4091457.0,0.0,0.0,0.0
5203,訊連,TWSE,76.2,275521.0,20955215.0,0.0,0.0,0.0
5215,科嘉-KY,TWSE,37.9,68481.0,2578843.0,0.0,0.0,0.0
5222,全訊,TWSE,133.5,650929.0,86219440.0,0.0,0.0,0.0
5225,東科-KY,TWSE,98.0,205433.0,20101839.0,0.0,0.0,0.0
5234,達興材料,TWSE,388.5,2154949.0,839480541.0,0.0,0.0,0.0
5243,乙盛-KY,TWSE,82.5,2031154.0,166404542.0,0.0,0.0,0.0
5244,弘凱,TWSE,36.85,246474.0,9123890.0,0.0,0.0,0.0
5258,虹堡,TWSE,51.1,1396046.0,72712389.0,0.0,0.0,0.0
5269,祥碩,TWSE,1270.0,555106.0,710319550.0,0.0,0.0,0.0
5283,禾聯碩,TWSE,59.2,62211.0,3687267.0,0.0,0.0,0.0
5284,jpp-KY,TWSE,254.0,344679.0,87150954.0,0.0,0.0,0.0
5285,界霖,TWSE,51.1,203422.0,10315627.0,0.0,0.0,0.0
5288,豐祥-KY,TWSE,151.0,192944.0,29052366.0,0.0,0.0,0.0
5292,華懋,TWSE,182.0,151761.0,27644359.0,0.0,0.0,0.0
5306,桂盟,TWSE,95.0,307095.0,28993223.0,0.0,0.0,0.0
5388,中磊,TWSE,82.2,3184945.0,260891550.0,0.0,0.0,0.0
5434,崇越,TWSE,321.0,836150.0,265257239.0,0.0,0.0,0.0
5469,瀚宇博,TWSE,95.1,3668297.0,349512009.0,0.0,0.0,0.0
5471,松翰,TWSE,38.8,1387095.0,54137677.0,0.0,0.0,0.0
5484,慧友,TWSE,37.8,167830.0,6357102.0,0.0,0.0,0.0
5515,建國,TWSE,32.65,274106.0,8935009.0,0.0,0.0,0.0
5519,隆大,TWSE,30.85,365758.0,11244870.0,0.0,0.0,0.0
5521,工信,TWSE,20.5,5555617.0,111999668.0,0.0,0.0,0.0
5522,遠雄,TWSE,67.7,889567.0,60405478.0,0.0,0.0,0.0
5525,順天,TWSE,26.1,128884.0,3356745.0,0.0,0.0,0.0
5531,鄉林,TWSE,9.01,415430.0,3740330.0,0.0,0.0,0.0
5533,皇鼎,TWSE,14.3,114203.0,1620688.0,0.0,0.0,0.0
5534,長虹,TWSE,76.8,771330.0,59167878.0,0.0,0.0,0.0
5538,東明-KY,TWSE,31.3,51283.0,1598354.0,0.0,0.0,0.0
5546,永固-KY,TWSE,22.35,35000.0,771850.0,0.0,0.0,0.0
5607,遠雄港,TWSE,49.0,448355.0,21891237.0,0.0,0.0,0.0
5608,四維航,TWSE,17.75,1504962.0,26818859.0,0.0,0.0,0.0
5706,鳳凰,TWSE,50.5,469557.0,23784448.0,0.0,0.0,0.0
5871,中租-KY,TWSE,107.0,7239578.0,772829306.0,0.0,0.0,0.0
5876,上海商銀,TWSE,40.15,9606095.0,387030583.0,0.0,0.0,0.0
5880,合庫金,TWSE,23.9,23500381.0,562846460.0,0.0,0.0,0.0
5906,台南-KY,TWSE,52.0,5006.0,260610.0,0.0,0.0,0.0
5907,大洋-KY,TWSE,5.9,338914.0,2006934.0,0.0,0.0,0.0
6005,群益證,TWSE,29.3,8456795.0,247245385.0,0.0,0.0,0.0
6024,群益期,TWSE,52.3,564881.0,29548565.0,0.0,0.0,0.0
6108,競國,TWSE,14.35,167306.0,2400590.0,0.0,0.0,0.0
6112,邁達特,TWSE,43.8,340826.0,14974839.0,0.0,0.0,0.0
6115,鎰勝,TWSE,47.25,95613.0,4526307.0,0.0,0.0,0.0
6116,彩晶,TWSE,8.49,26117588.0,219875740.0,0.0,0.0,0.0
6117,迎廣,TWSE,74.5,290191.0,21688599.0,0.0,0.0,0.0
6120,達運,TWSE,12.6,1992386.0,24943955.0,0.0,0.0,0.0
6128,上福,TWSE,25.1,321372.0,7880478.0,0.0,0.0,0.0
6133,金橋,TWSE,22.9,2094141.0,48508980.0,0.0,0.0,0.0
6136,富爾特,TWSE,24.1,145788.0,3515760.0,0.0,0.0,0.0
6139,亞翔,TWSE,519.0,2589797.0,1333917506.0,0.0,0.0,0.0
6141,柏承,TWSE,10.7,213196.0,2276410.0,0.0,0.0,0.0
6142,友勁,TWSE,9.58,416701.0,4004820.0,0.0,0.0,0.0
6152,百一,TWSE,15.2,3915724.0,59028509.0,0.0,0.0,0.0
6153,嘉聯益,TWSE,15.7,1781773.0,27927837.0,0.0,0.0,0.0
6155,鈞寶,TWSE,45.4,941186.0,42410076.0,0.0,0.0,0.0
6164,華興,TWSE,12.05,270325.0,3252600.0,0.0,0.0,0.0
6165,浪凡,TWSE,43.9,228823.0,9837659.0,0.0,0.0,0.0
6166,凌華,TWSE,62.1,354537.0,21781679.0,0.0,0.0,0.0
6168,宏齊,TWSE,20.1,547245.0,11035164.0,0.0,0.0,0.0
6176,瑞儀,TWSE,126.5,2951612.0,374393773.0,0.0,0.0,0.0
6177,達麗,TWSE,48.4,1124240.0,54288402.0,0.0,0.0,0.0
6183,關貿,TWSE,95.2,45517.0,4332931.0,0.0,0.0,0.0
6184,大豐電,TWSE,47.8,70865.0,3384103.0,0.0,0.0,0.0
6189,豐藝,TWSE,46.35,1307375.0,60280606.0,0.0,0.0,0.0
6191,精成科,TWSE,104.0,2808807.0,294617154.0,0.0,0.0,0.0
6192,巨路,TWSE,122.0,527557.0,63223608.0,0.0,0.0,0.0
6196,帆宣,TWSE,263.0,1489541.0,385587709.0,0.0,0.0,0.0
6197,佳必琪,TWSE,143.5,742622.0,106777079.0,0.0,0.0,0.0
6201,亞弘電,TWSE,54.0,25295.0,1366120.0,0.0,0.0,0.0
6202,盛群,TWSE,56.5,29476126.0,1620865615.0,0.0,0.0,0.0
6205,詮欣,TWSE,48.6,206062.0,9990855.0,0.0,0.0,0.0
6206,飛捷,TWSE,93.2,360778.0,33495520.0,0.0,0.0,0.0
6209,今國光,TWSE,58.3,2084148.0,121786453.0,0.0,0.0,0.0
6213,聯茂,TWSE,121.0,19972638.0,2441616329.0,0.0,0.0,0.0
6214,精誠,TWSE,111.5,597206.0,66767753.0,0.0,0.0,0.0
6215,和椿,TWSE,112.5,842835.0,93602891.0,0.0,0.0,0.0
6216,居易,TWSE,27.1,138671.0,3742135.0,0.0,0.0,0.0
6224,聚鼎,TWSE,41.3,143935.0,5911717.0,0.0,0.0,0.0
6225,天瀚,TWSE,17.15,26271.0,468294.0,0.0,0.0,0.0
6226,光鼎,TWSE,8.79,253897.0,2215796.0,0.0,0.0,0.0
6230,尼得科超眾,TWSE,119.5,77963.0,9285736.0,0.0,0.0,0.0
6235,華孚,TWSE,58.0,426294.0,24703113.0,0.0,0.0,0.0
6239,力成,TWSE,243.0,5723308.0,1382357845.0,0.0,0.0,0.0
6243,迅杰,TWSE,33.5,80947.0,2706627.0,0.0,0.0,0.0
6257,矽格,TWSE,127.5,5618591.0,713603161.0,0.0,0.0,0.0
6269,台郡,TWSE,60.9,1934332.0,117266066.0,0.0,0.0,0.0
6271,同欣電,TWSE,153.0,5714253.0,881290262.0,0.0,0.0,0.0
6272,驊陞,TWSE,38.7,520334.0,20336928.0,0.0,0.0,0.0
6277,宏正,TWSE,60.0,117466.0,7014675.0,0.0,0.0,0.0
6278,台表科,TWSE,97.4,1283230.0,124712482.0,0.0,0.0,0.0
6281,全國電,TWSE,60.5,76870.0,4639535.0,0.0,0.0,0.0
6282,康舒,TWSE,48.0,13552120.0,643749852.0,0.0,0.0,0.0
6283,淳安,TWSE,21.85,191150.0,4214706.0,0.0,0.0,0.0
6285,啟碁,TWSE,172.0,21985696.0,3802396036.0,0.0,0.0,0.0
6405,悅城,TWSE,30.95,540413.0,16666722.0,0.0,0.0,0.0
6409,旭隼,TWSE,903.0,637429.0,577979711.0,0.0,0.0,0.0
6412,群電,TWSE,89.8,1479386.0,133340814.0,0.0,0.0,0.0
6414,樺漢,TWSE,280.0,488161.0,136118227.0,0.0,0.0,0.0
6415,矽力*-KY,TWSE,280.0,11201132.0,3174228815.0,0.0,0.0,0.0
6416,瑞祺電通,TWSE,80.8,245363.0,19687782.0,0.0,0.0,0.0
6426,統新,TWSE,154.5,2610564.0,396044172.0,0.0,0.0,0.0
6431,光麗-KY,TWSE,26.6,394933.0,10399804.0,0.0,0.0,0.0
6438,迅得,TWSE,147.0,427389.0,62979193.0,0.0,0.0,0.0
6442,光聖,TWSE,1950.0,1008874.0,1961372490.0,0.0,0.0,0.0
6443,元晶,TWSE,37.1,39641411.0,1475769988.0,0.0,0.0,0.0
6446,藥華藥,TWSE,725.0,1161392.0,836460941.0,0.0,0.0,0.0
6449,鈺邦,TWSE,159.5,320293.0,50371875.0,0.0,0.0,0.0
6451,訊芯-KY,TWSE,166.0,3252655.0,549820144.0,0.0,0.0,0.0
6456,GIS-KY,TWSE,43.0,1724368.0,73958829.0,0.0,0.0,0.0
6464,台數科,TWSE,78.0,48203.0,3746329.0,0.0,0.0,0.0
6472,保瑞,TWSE,490.0,4107775.0,2023402043.0,0.0,0.0,0.0
6477,安集,TWSE,33.25,789164.0,26165621.0,0.0,0.0,0.0
6491,晶碩,TWSE,284.5,502705.0,142945692.0,0.0,0.0,0.0
6504,南六,TWSE,41.85,103583.0,4366315.0,0.0,0.0,0.0
6505,台塑化,TWSE,49.75,5367822.0,266745166.0,0.0,0.0,0.0
6515,穎崴,TWSE,5005.0,384495.0,1905273280.0,0.0,0.0,0.0
6525,捷敏-KY,TWSE,79.6,88398.0,6985030.0,0.0,0.0,0.0
6526,達發,TWSE,455.5,336692.0,152482780.0,0.0,0.0,0.0
6531,愛普*,TWSE,396.0,1758618.0,704913376.0,0.0,0.0,0.0
6533,晶心科,TWSE,223.0,411095.0,91168004.0,0.0,0.0,0.0
6534,正瀚-創,TWSE,84.2,120316.0,10115105.0,0.0,0.0,0.0
6541,泰福-KY,TWSE,48.1,889856.0,42785718.0,0.0,0.0,0.0
6550,北極星藥業-KY,TWSE,29.9,902575.0,26868066.0,0.0,0.0,0.0
6552,易華電,TWSE,29.15,394419.0,11645173.0,0.0,0.0,0.0
6558,興能高,TWSE,33.2,645283.0,21443750.0,0.0,0.0,0.0
6573,虹揚-KY,TWSE,14.6,160064.0,2307772.0,0.0,0.0,0.0
6579,研揚,TWSE,113.5,76291.0,8666015.0,0.0,0.0,0.0
6581,鋼聯,TWSE,109.0,17366.0,1893688.0,0.0,0.0,0.0
6582,申豐,TWSE,32.3,36130.0,1165262.0,0.0,0.0,0.0
6585,鼎基,TWSE,87.3,56029.0,4895494.0,0.0,0.0,0.0
6589,台康生技,TWSE,61.2,400172.0,24235079.0,0.0,0.0,0.0
6591,動力-KY,TWSE,65.0,230210.0,14985419.0,0.0,0.0,0.0
6592,和潤企業,TWSE,60.3,1928004.0,116314492.0,0.0,0.0,0.0
6598,ABC-KY,TWSE,24.05,345235.0,8332137.0,0.0,0.0,0.0
6605,帝寶,TWSE,145.0,409082.0,58887407.0,0.0,0.0,0.0
6606,建德工業,TWSE,25.35,116859.0,2941430.0,0.0,0.0,0.0
6614,資拓宏宇,TWSE,45.9,106458.0,4892510.0,0.0,0.0,0.0
6625,必應,TWSE,81.4,511844.0,41555510.0,0.0,0.0,0.0
6641,基士德-KY,TWSE,21.1,80288.0,1685264.0,0.0,0.0,0.0
6645,金萬林-創,TWSE,17.35,59821.0,1045243.0,0.0,0.0,0.0
6655,科定,TWSE,128.5,56539.0,7293267.0,0.0,0.0,0.0
6657,華安,TWSE,47.0,382720.0,17877901.0,0.0,0.0,0.0
6658,聯策,TWSE,54.6,147947.0,8082255.0,0.0,0.0,0.0
6666,羅麗芬-KY,TWSE,43.45,17015.0,737307.0,0.0,0.0,0.0
6668,中揚光,TWSE,36.3,417444.0,15241458.0,0.0,0.0,0.0
6669,緯穎,TWSE,3740.0,1003899.0,3738266020.0,0.0,0.0,0.0
6670,復盛應用,TWSE,265.5,473072.0,124687340.0,0.0,0.0,0.0
6671,三能-KY,TWSE,36.6,50133.0,1864360.0,0.0,0.0,0.0
6672,騰輝電子-KY,TWSE,94.6,1614751.0,153353309.0,0.0,0.0,0.0
6674,鋐寶科技,TWSE,20.0,28030.0,557492.0,0.0,0.0,0.0
6689,伊雲谷,TWSE,59.0,305446.0,18126257.0,0.0,0.0,0.0
6691,洋基工程,TWSE,599.0,458149.0,274208526.0,0.0,0.0,0.0
6695,芯鼎,TWSE,42.1,294032.0,12369017.0,0.0,0.0,0.0
6698,旭暉應材,TWSE,32.8,96937.0,3180125.0,0.0,0.0,0.0
6706,惠特,TWSE,109.0,3153246.0,347294196.0,0.0,0.0,0.0
6715,嘉基,TWSE,143.5,440000.0,62924926.0,0.0,0.0,0.0
6719,力智,TWSE,184.0,317154.0,58655920.0,0.0,0.0,0.0
6722,輝創,TWSE,43.5,185570.0,8049266.0,0.0,0.0,0.0
6742,澤米,TWSE,45.2,1312549.0,58647718.0,0.0,0.0,0.0
6743,安普新,TWSE,26.75,94683.0,2539860.0,0.0,0.0,0.0
6753,龍德造船,TWSE,145.0,2847561.0,413929427.0,0.0,0.0,0.0
6754,匯僑設計,TWSE,41.1,73459.0,3007502.0,0.0,0.0,0.0
6756,威鋒電子,TWSE,78.9,157633.0,12213257.0,0.0,0.0,0.0
6757,台灣虎航,TWSE,65.1,751063.0,48736583.0,0.0,0.0,0.0
6768,志強-KY,TWSE,100.5,240479.0,24138080.0,0.0,0.0,0.0
6770,力積電,TWSE,63.1,214396111.0,13735457320.0,0.0,0.0,0.0
6771,平和環保-創,TWSE,43.5,37181.0,1633590.0,0.0,0.0,0.0
6776,展碁國際,TWSE,58.9,478767.0,28002530.0,0.0,0.0,0.0
6781,AES-KY,TWSE,1135.0,502486.0,569705625.0,0.0,0.0,0.0
6782,視陽,TWSE,173.0,144079.0,24960966.0,0.0,0.0,0.0
6789,采鈺,TWSE,297.0,2483503.0,740272971.0,0.0,0.0,0.0
6790,永豐實,TWSE,38.2,267790.0,10183767.0,0.0,0.0,0.0
6792,詠業,TWSE,57.7,99853.0,5732226.0,0.0,0.0,0.0
6794,向榮生技,TWSE,87.0,23552.0,2039060.0,0.0,0.0,0.0
6796,晉弘,TWSE,85.0,165805.0,14055902.0,0.0,0.0,0.0
6799,來頡,TWSE,82.2,152014.0,12443801.0,0.0,0.0,0.0
6805,富世達,TWSE,1545.0,1128228.0,1747647025.0,0.0,0.0,0.0
6806,森崴能源,TWSE,43.8,1132157.0,49654486.0,0.0,0.0,0.0
6807,峰源-KY,TWSE,45.55,16207.0,737361.0,0.0,0.0,0.0
6830,汎銓,TWSE,218.5,3870188.0,850911655.0,0.0,0.0,0.0
6831,邁科,TWSE,287.5,2853884.0,802360648.0,0.0,0.0,0.0
6834,天二科技,TWSE,30.15,211218.0,6351535.0,0.0,0.0,0.0
6835,圓裕,TWSE,40.05,312243.0,12465710.0,0.0,0.0,0.0
6838,台新藥,TWSE,27.15,133455.0,3605420.0,0.0,0.0,0.0
6854,錼創科技-KY創,TWSE,117.5,184514.0,21611853.0,0.0,0.0,0.0
6861,睿生光電,TWSE,78.4,2603528.0,202881836.0,0.0,0.0,0.0
6862,三集瑞-KY,TWSE,170.0,410071.0,70936431.0,0.0,0.0,0.0
6863,永道-KY,TWSE,112.5,176153.0,19872864.0,0.0,0.0,0.0
6869,雲豹能源,TWSE,103.0,891917.0,91651182.0,0.0,0.0,0.0
6873,泓德能源,TWSE,108.0,1122252.0,119510305.0,0.0,0.0,0.0
6885,全福生技,TWSE,27.95,473155.0,13310967.0,0.0,0.0,0.0
6887,寶綠特-KY,TWSE,49.3,130218.0,6385858.0,0.0,0.0,0.0
6890,來億-KY,TWSE,199.0,1983161.0,390816522.0,0.0,0.0,0.0
6901,鑽石投資,TWSE,16.05,513062.0,8245683.0,0.0,0.0,0.0
6902,GOGOLOOK,TWSE,78.9,72972.0,5687664.0,0.0,0.0,0.0
6906,現觀科,TWSE,72.5,283498.0,19884627.0,0.0,0.0,0.0
6909,創控,TWSE,40.15,678960.0,26891475.0,0.0,0.0,0.0
6914,阜爾運通,TWSE,141.0,116450.0,16488772.0,0.0,0.0,0.0
6916,華凌,TWSE,17.9,152000.0,2699550.0,0.0,0.0,0.0
6918,愛派司,TWSE,82.9,73395.0,6141944.0,0.0,0.0,0.0
6919,康霈*,TWSE,160.0,9918504.0,1496275968.0,0.0,0.0,0.0
6921,嘉雨思-創,TWSE,84.0,70303.0,5753349.0,0.0,0.0,0.0
6923,中台,TWSE,93.2,188613.0,17444545.0,0.0,0.0,0.0
6924,榮惠-KY創,TWSE,62.5,31006.0,1870744.0,0.0,0.0,0.0
6928,攸泰科技,TWSE,50.6,228958.0,11643741.0,0.0,0.0,0.0
6931,青松健康,TWSE,54.3,81408.0,4390726.0,0.0,0.0,0.0
6933,AMAX-KY,TWSE,133.5,86597.0,11632760.0,0.0,0.0,0.0
6934,心誠鎂,TWSE,118.5,479097.0,55546883.0,0.0,0.0,0.0
6936,永鴻生技,TWSE,36.1,35225.0,1269245.0,0.0,0.0,0.0
6937,天虹,TWSE,220.0,307061.0,67674933.0,0.0,0.0,0.0
6944,兆聯實業,TWSE,677.0,718342.0,487592780.0,0.0,0.0,0.0
6949,沛爾生醫-創,TWSE,678.0,82606.0,56170015.0,0.0,0.0,0.0
6951,青新-創,TWSE,77.4,36912.0,2838389.0,0.0,0.0,0.0
6952,大武山,TWSE,43.35,46396.0,2021218.0,0.0,0.0,0.0
6955,邦睿生技-創,TWSE,171.5,15100.0,2571999.0,0.0,0.0,0.0
6957,裕慶-KY,TWSE,174.0,185758.0,32252222.0,0.0,0.0,0.0
6958,日盛台駿,TWSE,15.9,108767.0,1706062.0,0.0,0.0,0.0
6962,奕力-KY,TWSE,36.1,2984809.0,107268437.0,0.0,0.0,0.0
6965,中傑-KY,TWSE,83.9,90150.0,7498936.0,0.0,0.0,0.0
6969,成信實業*-創,TWSE,31.85,97213.0,3093938.0,0.0,0.0,0.0
6988,威力暘-創,TWSE,18.1,252775.0,4956317.0,0.0,0.0,0.0
6994,富威電力,TWSE,82.0,1475060.0,122480442.0,0.0,0.0,0.0
7610,聯友金屬-創,TWSE,274.0,1453260.0,391841931.0,0.0,0.0,0.0
7631,聚賢研發-創,TWSE,121.0,27158.0,3232464.0,0.0,0.0,0.0
7705,三商餐飲,TWSE,39.7,67360.0,2668360.0,0.0,0.0,0.0
7711,永擎,TWSE,236.0,512241.0,122923392.0,0.0,0.0,0.0
7721,微程式,TWSE,47.8,138627.0,6512275.0,0.0,0.0,0.0
7722,LINEPAY,TWSE,429.0,181341.0,77970451.0,0.0,0.0,0.0
7730,暉盛-創,TWSE,102.5,85450.0,8625178.0,0.0,0.0,0.0
7732,金興精密,TWSE,38.0,9000.0,341350.0,0.0,0.0,0.0
7736,虎山,TWSE,91.8,35939.0,3212103.0,0.0,0.0,0.0
7740,熙特爾-創,TWSE,160.0,358809.0,56847452.0,0.0,0.0,0.0
7749,意騰-KY,TWSE,422.5,158366.0,67470786.0,0.0,0.0,0.0
7750,新代,TWSE,1230.0,888789.0,1071019305.0,0.0,0.0,0.0
7765,中華資安,TWSE,263.5,40656.0,10675171.0,0.0,0.0,0.0
7769,鴻勁,TWSE,4345.0,2208403.0,9412658875.0,0.0,0.0,0.0
7780,大研生醫*,TWSE,24.2,4776316.0,115675093.0,0.0,0.0,0.0
7786,東方風能,TWSE,155.0,243854.0,37047680.0,0.0,0.0,0.0
7788,松川精密,TWSE,165.0,440631.0,73663987.0,0.0,0.0,0.0
7791,皇家可口,TWSE,69.0,128725.0,8839428.0,0.0,0.0,0.0
7795,長廣,TWSE,346.5,785862.0,272593333.0,0.0,0.0,0.0
7799,禾榮科,TWSE,473.5,1348862.0,629870346.0,0.0,0.0,0.0
7823,奧義賽博-KY創,TWSE,104.5,248480.0,26066827.0,0.0,0.0,0.0
8011,台通,TWSE,20.5,969430.0,19781999.0,0.0,0.0,0.0
8016,矽創,TWSE,190.0,547752.0,103883910.0,0.0,0.0,0.0
8021,尖點,TWSE,203.0,14117931.0,2867086132.0,0.0,0.0,0.0
8028,昇陽半導體,TWSE,167.0,2479861.0,413138585.0,0.0,0.0,0.0
8033,雷虎,TWSE,148.0,7435567.0,1080160802.0,0.0,0.0,0.0
8039,台虹,TWSE,80.9,4547251.0,372380548.0,0.0,0.0,0.0
8045,達運光電,TWSE,82.4,1752896.0,151317150.0,0.0,0.0,0.0
8046,南電,TWSE,416.0,20740755.0,8636610987.0,0.0,0.0,0.0
8070,長華*,TWSE,42.9,2661001.0,113725063.0,0.0,0.0,0.0
8072,陞泰,TWSE,29.9,200767.0,6034790.0,0.0,0.0,0.0
8081,致新,TWSE,241.0,1546263.0,368309328.0,0.0,0.0,0.0
8101,華冠,TWSE,15.3,4305.0,65901.0,0.0,0.0,0.0
8103,瀚荃,TWSE,109.5,6388535.0,680347347.0,0.0,0.0,0.0
8104,錸寶,TWSE,34.3,813733.0,27726251.0,0.0,0.0,0.0
8105,凌巨,TWSE,12.0,1400584.0,16861999.0,0.0,0.0,0.0
8110,華東,TWSE,61.3,40478921.0,2422429437.0,0.0,0.0,0.0
8112,至上,TWSE,72.3,9508872.0,683878794.0,0.0,0.0,0.0
8114,振樺電,TWSE,173.0,333270.0,57437485.0,0.0,0.0,0.0
8131,福懋科,TWSE,69.3,13904403.0,956066479.0,0.0,0.0,0.0
8150,南茂,TWSE,53.4,14820344.0,791208178.0,0.0,0.0,0.0
8162,微矽電子-創,TWSE,36.9,85538.0,3137037.0,0.0,0.0,0.0
8163,達方,TWSE,30.1,1225440.0,36958959.0,0.0,0.0,0.0
8201,無敵,TWSE,13.95,70033.0,977852.0,0.0,0.0,0.0
8210,勤誠,TWSE,975.0,2435615.0,2404941473.0,0.0,0.0,0.0
8213,志超,TWSE,36.3,1472263.0,53881935.0,0.0,0.0,0.0
8215,明基材,TWSE,20.7,802909.0,16424061.0,0.0,0.0,0.0
8222,寶一,TWSE,39.55,446703.0,17632208.0,0.0,0.0,0.0
8249,菱光,TWSE,62.2,4522211.0,278623382.0,0.0,0.0,0.0
8261,富鼎,TWSE,89.6,1176040.0,105424021.0,0.0,0.0,0.0
8271,宇瞻,TWSE,118.0,5997621.0,695344137.0,0.0,0.0,0.0
8341,日友,TWSE,76.9,329435.0,25208873.0,0.0,0.0,0.0
8367,建新國際,TWSE,43.1,68005.0,2928173.0,0.0,0.0,0.0
8374,羅昇,TWSE,84.6,209971.0,17772440.0,0.0,0.0,0.0
8404,百和興業-KY,TWSE,23.6,298390.0,7031911.0,0.0,0.0,0.0
8411,福貞-KY,TWSE,12.5,161800.0,1976502.0,0.0,0.0,0.0
8422,可寧衛*,TWSE,32.8,27349726.0,890430881.0,0.0,0.0,0.0
8429,金麗-KY,TWSE,7.41,187233.0,1385297.0,0.0,0.0,0.0
8438,昶昕,TWSE,56.1,808325.0,44702916.0,0.0,0.0,0.0
8442,威宏-KY,TWSE,67.8,47295.0,3217727.0,0.0,0.0,0.0
8443,阿瘦,TWSE,11.6,16802.0,194015.0,0.0,0.0,0.0
8454,富邦媒,TWSE,190.0,518535.0,98602899.0,0.0,0.0,0.0
8462,柏文,TWSE,142.0,104181.0,14801194.0,0.0,0.0,0.0
8463,潤泰材,TWSE,27.05,140516.0,3812560.0,0.0,0.0,0.0
8464,億豐,TWSE,400.0,2577427.0,1034662264.0,0.0,0.0,0.0
8466,美吉吉-KY,TWSE,22.35,32100.0,712323.0,0.0,0.0,0.0
8467,波力-KY,TWSE,170.5,40999.0,6961313.0,0.0,0.0,0.0
8473,山林水,TWSE,36.15,748451.0,27125600.0,0.0,0.0,0.0
8476,台境*,TWSE,18.35,612207.0,11223500.0,0.0,0.0,0.0
8478,東哥遊艇,TWSE,169.5,805615.0,136782850.0,0.0,0.0,0.0
8481,政伸,TWSE,42.2,26231.0,1100073.0,0.0,0.0,0.0
8482,商億-KY,TWSE,50.1,41244.0,2066616.0,0.0,0.0,0.0
8487,愛爾達-創,TWSE,82.6,43301.0,3559473.0,0.0,0.0,0.0
8488,吉源-KY,TWSE,10.0,13000.0,129870.0,0.0,0.0,0.0
8499,鼎炫-KY,TWSE,277.0,136026.0,37410447.0,0.0,0.0,0.0
8926,台汽電,TWSE,45.5,5723885.0,263020843.0,0.0,0.0,0.0
8940,新天地,TWSE,20.0,52444.0,1045811.0,0.0,0.0,0.0
8996,高力,TWSE,906.0,5403649.0,4980833588.0,0.0,0.0,0.0
9103,美德醫療-DR,TWSE,5.15,810686.0,4098529.0,0.0,0.0,0.0
9105,泰金寶-DR,TWSE,5.89,9470410.0,55848709.0,0.0,0.0,0.0
9110,越南控-DR,TWSE,3.12,27000.0,83430.0,0.0,0.0,0.0
9136,巨騰-DR,TWSE,7.63,177002.0,1345725.0,0.0,0.0,0.0
9802,鈺齊-KY,TWSE,92.4,1433488.0,132497735.0,0.0,0.0,0.0
9902,台火,TWSE,16.9,212422.0,3577666.0,0.0,0.0,0.0
9904,寶成,TWSE,30.85,7135871.0,220363904.0,0.0,0.0,0.0
9905,大華,TWSE,20.25,272881.0,5517242.0,0.0,0.0,0.0
9906,欣巴巴,TWSE,44.4,343343.0,15409585.0,0.0,0.0,0.0
9907,統一實,TWSE,18.3,4779049.0,87499997.0,0.0,0.0,0.0
9908,大台北,TWSE,29.9,305313.0,9152204.0,0.0,0.0,0.0
9910,豐泰,TWSE,92.3,3012927.0,277835835.0,0.0,0.0,0.0
9911,櫻花,TWSE,85.5,696802.0,59405638.0,0.0,0.0,0.0
9912,偉聯,TWSE,12.0,32718.0,391969.0,0.0,0.0,0.0
9914,美利達,TWSE,82.1,1925610.0,156576603.0,0.0,0.0,0.0
9917,中保科,TWSE,105.5,624846.0,66048483.0,0.0,0.0,0.0
9918,欣天然,TWSE,40.0,34081.0,1359262.0,0.0,0.0,0.0
9919,康那香,TWSE,16.8,413989.0,6936577.0,0.0,0.0,0.0
9921,巨大,TWSE,87.6,1514868.0,131882412.0,0.0,0.0,0.0
9924,福興,TWSE,47.6,107466.0,5107424.0,0.0,0.0,0.0
9925,新保,TWSE,41.05,231375.0,9512448.0,0.0,0.0,0.0
9926,新海,TWSE,49.75,43935.0,2180385.0,0.0,0.0,0.0
9927,泰銘,TWSE,69.6,107280.0,7462692.0,0.0,0.0,0.0
9928,中視,TWSE,18.15,35046.0,637229.0,0.0,0.0,0.0
9929,秋雨,TWSE,10.45,10281.0,110541.0,0.0,0.0,0.0
9930,中聯資源,TWSE,70.1,116559.0,8143590.0,0.0,0.0,0.0
9931,欣高,TWSE,34.2,24097.0,825940.0,0.0,0.0,0.0
9933,中鼎,TWSE,31.0,3172573.0,97886923.0,0.0,0.0,0.0
9934,成霖,TWSE,9.96,427613.0,4255805.0,0.0,0.0,0.0
9935,慶豐富,TWSE,19.5,249232.0,4844363.0,0.0,0.0,0.0
9937,全國,TWSE,57.2,55314.0,3156986.0,0.0,0.0,0.0
9938,百和,TWSE,52.2,1430067.0,74239803.0,0.0,0.0,0.0
9939,宏全,TWSE,120.5,695372.0,83502572.0,0.0,0.0,0.0
9940,信義,TWSE,22.1,407945.0,8977627.0,0.0,0.0,0.0
9941,裕融,TWSE,76.4,1586646.0,121433279.0,0.0,0.0,0.0
9942,茂順,TWSE,118.0,296287.0,35357318.0,0.0,0.0,0.0
9943,好樂迪,TWSE,59.6,47431.0,2827257.0,0.0,0.0,0.0
9944,新麗,TWSE,16.85,56331.0,944022.0,0.0,0.0,0.0
9945,潤泰新,TWSE,29.15,4391113.0,128006043.0,0.0,0.0,0.0
9946,三發地產,TWSE,16.65,321534.0,5311424.0,0.0,0.0,0.0
9955,佳龍,TWSE,32.55,948302.0,30945694.0,0.0,0.0,0.0
9958,世紀鋼,TWSE,126.0,1203803.0,151079318.0,0.0,0.0,0.0
1240,茂生農經,TWO,59.5,10261.0,609244.0,0.0,0.0,0.0
1259,安心,TWO,62.0,14056.0,868407.0,0.0,0.0,0.0
1264,德麥,TWO,284.5,26973.0,7675919.0,0.0,0.0,0.0
1268,漢來美食,TWO,161.0,39132.0,6299853.0,0.0,0.0,0.0
1294,漢田生技,TWO,80.0,67215.0,5350162.0,0.0,0.0,0.0
1295,生合,TWO,76.9,66649.0,5124451.0,0.0,0.0,0.0
1336,台翰,TWO,15.55,66707.0,1042632.0,0.0,0.0,0.0
1565,精華,TWO,112.0,170115.0,19091156.0,0.0,0.0,0.0
1569,濱川,TWO,50.4,655873.0,33153646.0,0.0,0.0,0.0
1570,力肯,TWO,31.8,170173.0,5331909.0,0.0,0.0,0.0
1580,新麥,TWO,129.5,50867.0,6569492.0,0.0,0.0,0.0
1584,精剛,TWO,23.6,683305.0,16143505.0,0.0,0.0,0.0
1586,和勤,TWO,24.7,251834.0,6211010.0,0.0,0.0,0.0
1591,駿吉-KY,TWO,50.5,191759.0,9578126.0,0.0,0.0,0.0
1593,祺驊,TWO,29.1,5295.0,154288.0,0.0,0.0,0.0
1595,川寶,TWO,39.95,180948.0,7257418.0,0.0,0.0,0.0
1599,宏佳騰,TWO,26.05,25046.0,651716.0,0.0,0.0,0.0
1742,台蠟,TWO,16.6,261141.0,4308480.0,0.0,0.0,0.0
1777,生泰,TWO,71.1,69246.0,4911460.0,0.0,0.0,0.0
1781,合世,TWO,12.4,71358.0,891004.0,0.0,0.0,0.0
1784,訊聯,TWO,91.4,440061.0,40822954.0,0.0,0.0,0.0
1785,光洋科,TWO,60.1,3580593.0,215579674.0,0.0,0.0,0.0
1788,杏昌,TWO,136.5,15070.0,2052520.0,0.0,0.0,0.0
1796,金穎生技,TWO,43.75,8000.0,348950.0,0.0,0.0,0.0
1799,易威,TWO,32.75,184334.0,6096623.0,0.0,0.0,0.0
1813,寶利徠,TWO,13.4,39430.0,523027.0,0.0,0.0,0.0
1815,富喬,TWO,96.6,80270121.0,7626622112.0,0.0,0.0,0.0
2035,唐榮,TWO,28.05,1018.0,28566.0,0.0,0.0,0.0
2061,風青,TWO,18.2,113317.0,2047296.0,0.0,0.0,0.0
2063,世鎧,TWO,26.75,19000.0,508600.0,0.0,0.0,0.0
2064,晉椿,TWO,12.2,30050.0,366344.0,0.0,0.0,0.0
2065,世豐,TWO,31.65,78764.0,2499240.0,0.0,0.0,0.0
2066,世德,TWO,53.2,62140.0,3221106.0,0.0,0.0,0.0
2067,嘉鋼,TWO,10.6,116860.0,1221166.0,0.0,0.0,0.0
2070,精湛,TWO,39.5,67325.0,2657073.0,0.0,0.0,0.0
2073,雄順,TWO,25.55,1000.0,25550.0,0.0,0.0,0.0
2221,大甲,TWO,30.35,31066.0,936635.0,0.0,0.0,0.0
2230,泰茂,TWO,55.8,111308.0,6210953.0,0.0,0.0,0.0
2235,謚源,TWO,0.0,25.0,898.0,0.0,0.0,0.0
2596,綠意,TWO,33.4,185664.0,6081820.0,0.0,0.0,0.0
2640,大車隊,TWO,124.0,61531.0,7658996.0,0.0,0.0,0.0
2641,正德,TWO,19.65,1999427.0,39087572.0,0.0,0.0,0.0
2643,捷迅,TWO,73.2,17057.0,1235721.0,0.0,0.0,0.0
2718,全心投控,TWO,48.4,20476.0,988113.0,0.0,0.0,0.0
2719,燦星旅,TWO,28.35,34057.0,968947.0,0.0,0.0,0.0
2724,藝舍-KY,TWO,0.0,0.0,0.0,0.0,0.0,0.0
2726,雅茗-KY,TWO,12.1,107120.0,1292034.0,0.0,0.0,0.0
2729,瓦城,TWO,171.5,15255.0,2605289.0,0.0,0.0,0.0
2732,六角,TWO,66.2,29876.0,1982908.0,0.0,0.0,0.0
2734,易飛網,TWO,17.8,174338.0,3109139.0,0.0,0.0,0.0
2736,富野,TWO,13.9,252249.0,3509457.0,0.0,0.0,0.0
2740,天蔥,TWO,42.25,19855.0,835117.0,0.0,0.0,0.0
2743,山富,TWO,78.7,293660.0,22863915.0,0.0,0.0,0.0
2745,五福,TWO,105.5,129562.0,13627196.0,0.0,0.0,0.0
2751,王座,TWO,56.7,85959.0,4903004.0,0.0,0.0,0.0
2752,豆府,TWO,208.5,13355.0,2781833.0,0.0,0.0,0.0
2754,亞洲藏壽司,TWO,77.9,10494.0,819767.0,0.0,0.0,0.0
2755,揚秦,TWO,116.0,23571.0,2722434.0,0.0,0.0,0.0
2756,聯發國際,TWO,81.0,37163.0,2989872.0,0.0,0.0,0.0
2916,滿心,TWO,45.9,56870.0,2607448.0,0.0,0.0,0.0
2924,宏太-KY,TWO,19.75,1267.0,24967.0,0.0,0.0,0.0
2926,誠品生活,TWO,37.55,17966.0,677269.0,0.0,0.0,0.0
2937,集雅社,TWO,44.45,11874.0,512655.0,0.0,0.0,0.0
2941,米斯特,TWO,42.85,2002.0,85790.0,0.0,0.0,0.0
2947,振宇五金,TWO,80.3,20127.0,1638184.0,0.0,0.0,0.0
2948,寶陞,TWO,39.9,9032.0,354370.0,0.0,0.0,0.0
2949,欣新網,TWO,0.0,155.0,9959.0,0.0,0.0,0.0
3064,泰偉,TWO,48.75,1108.0,53579.0,0.0,0.0,0.0
3066,李洲,TWO,15.1,71212.0,1072800.0,0.0,0.0,0.0
3067,全域,TWO,18.5,2001.0,36668.0,0.0,0.0,0.0
3071,協禧,TWO,23.0,146510.0,3361465.0,0.0,0.0,0.0
3073,天方能源,TWO,30.75,643651.0,20429451.0,0.0,0.0,0.0
3078,僑威,TWO,61.4,1550947.0,95092446.0,0.0,0.0,0.0
3081,聯亞,TWO,1085.0,437165.0,483836435.0,0.0,0.0,0.0
3083,網龍,TWO,31.0,384769.0,12064223.0,0.0,0.0,0.0
3085,新零售,TWO,13.05,1545.0,20222.0,0.0,0.0,0.0
3086,華義,TWO,227.0,231701.0,52676291.0,0.0,0.0,0.0
3088,艾訊,TWO,81.1,325946.0,26441852.0,0.0,0.0,0.0
3093,港建*,TWO,26.1,91999.0,2399217.0,0.0,0.0,0.0
3095,及成,TWO,31.25,29556.0,927372.0,0.0,0.0,0.0
3105,穩懋,TWO,246.0,31858788.0,7911445410.0,0.0,0.0,0.0
3114,好德,TWO,25.65,80840.0,2076485.0,0.0,0.0,0.0
3115,富榮綱,TWO,10.0,43410.0,434946.0,0.0,0.0,0.0
3118,進階,TWO,32.85,13248.0,435886.0,0.0,0.0,0.0
3122,笙泉,TWO,25.35,174937.0,4471080.0,0.0,0.0,0.0
3128,昇銳,TWO,26.05,136642.0,3573542.0,0.0,0.0,0.0
3131,弘塑,TWO,1530.0,378051.0,576859655.0,0.0,0.0,0.0
3141,晶宏,TWO,44.9,229886.0,10355194.0,0.0,0.0,0.0
3147,大綜,TWO,170.0,1446606.0,256413164.0,0.0,0.0,0.0
3152,璟德,TWO,144.0,268376.0,38517937.0,0.0,0.0,0.0
3158,嘉實,TWO,89.9,19278.0,1736645.0,0.0,0.0,0.0
3162,精確,TWO,59.9,1115276.0,66391152.0,0.0,0.0,0.0
3163,波若威,TWO,589.0,1480137.0,860266347.0,0.0,0.0,0.0
3169,亞信,TWO,94.6,114023.0,10818551.0,0.0,0.0,0.0
3171,炎洲流通,TWO,49.4,43260.0,2115713.0,0.0,0.0,0.0
3176,基亞,TWO,31.7,586766.0,18541102.0,0.0,0.0,0.0
3178,公準,TWO,54.0,105390.0,5733259.0,0.0,0.0,0.0
3188,鑫龍騰,TWO,30.4,418913.0,12594605.0,0.0,0.0,0.0
3191,雲嘉南,TWO,15.25,27733.0,421212.0,0.0,0.0,0.0
3205,佰研,TWO,50.2,242358.0,12098597.0,0.0,0.0,0.0
3206,志豐,TWO,31.8,19382.0,616609.0,0.0,0.0,0.0
3207,耀勝,TWO,62.1,782057.0,48856835.0,0.0,0.0,0.0
3211,順達,TWO,280.0,2800955.0,785034967.0,0.0,0.0,0.0
3213,茂訊,TWO,96.7,221640.0,21402792.0,0.0,0.0,0.0
3217,優群,TWO,154.0,655705.0,99891341.0,0.0,0.0,0.0
3218,大學光,TWO,135.5,760826.0,103544299.0,0.0,0.0,0.0
3219,倚強科,TWO,68.3,2130034.0,149034282.0,0.0,0.0,0.0
3221,台嘉碩,TWO,26.5,1596441.0,42411678.0,0.0,0.0,0.0
3224,三顧,TWO,43.65,23103.0,1011298.0,0.0,0.0,0.0
3226,龍鋒,TWO,51.7,17253.0,874586.0,0.0,0.0,0.0
3227,原相,TWO,191.0,1251618.0,239187746.0,0.0,0.0,0.0
3228,金麗科,TWO,126.0,300031.0,36947550.0,0.0,0.0,0.0
3230,錦明,TWO,42.05,5897697.0,236227535.0,0.0,0.0,0.0
3232,昱捷,TWO,23.0,74299.0,1705070.0,0.0,0.0,0.0
3234,光環,TWO,76.4,6096769.0,454169462.0,0.0,0.0,0.0
3236,千如,TWO,28.6,951972.0,27042136.0,0.0,0.0,0.0
3252,海灣,TWO,20.15,312305.0,6157187.0,0.0,0.0,0.0
3259,鑫創,TWO,17.85,106870.0,1892365.0,0.0,0.0,0.0
3260,威剛,TWO,294.0,10436479.0,3067962616.0,0.0,0.0,0.0
3264,欣銓,TWO,152.5,9750396.0,1510116205.0,0.0,0.0,0.0
3265,台星科,TWO,135.0,1299063.0,173940275.0,0.0,0.0,0.0
3268,海德威,TWO,15.75,78066.0,1227787.0,0.0,0.0,0.0
3272,東碩,TWO,19.05,20288.0,386333.0,0.0,0.0,0.0
3276,宇環,TWO,14.1,38127.0,536439.0,0.0,0.0,0.0
3284,太普高,TWO,20.6,158281.0,3266038.0,0.0,0.0,0.0
3285,微端,TWO,29.8,57755.0,1716239.0,0.0,0.0,0.0
3287,廣寰科,TWO,29.3,40209.0,1179228.0,0.0,0.0,0.0
3288,點晶,TWO,15.7,18570.0,292728.0,0.0,0.0,0.0
3289,宜特,TWO,123.5,2736387.0,337492806.0,0.0,0.0,0.0
3290,東浦,TWO,47.7,1276313.0,60666570.0,0.0,0.0,0.0
3293,鈊象,TWO,682.0,1703262.0,1169581739.0,0.0,0.0,0.0
3294,英濟,TWO,35.75,906562.0,32292568.0,0.0,0.0,0.0
3297,杭特,TWO,37.05,133314.0,4930137.0,0.0,0.0,0.0
3303,岱稜,TWO,46.0,149326.0,6872801.0,0.0,0.0,0.0
3306,鼎天,TWO,47.5,180795.0,8599311.0,0.0,0.0,0.0
3310,佳穎,TWO,71.5,11278.0,807516.0,0.0,0.0,0.0
3313,斐成,TWO,12.95,144336.0,1870712.0,0.0,0.0,0.0
3317,尼克森,TWO,47.95,559478.0,26337621.0,0.0,0.0,0.0
3322,建舜電,TWO,15.55,402526.0,6342281.0,0.0,0.0,0.0
3323,加百裕,TWO,37.55,1452632.0,54545327.0,0.0,0.0,0.0
3324,雙鴻,TWO,1065.0,3160793.0,3359010265.0,0.0,0.0,0.0
3325,旭品,TWO,14.55,400600.0,5802940.0,0.0,0.0,0.0
3332,幸康,TWO,62.0,107278.0,6677650.0,0.0,0.0,0.0
3339,泰谷,TWO,27.2,312077.0,8497100.0,0.0,0.0,0.0
3349,寶德,TWO,29.0,557016.0,16133986.0,0.0,0.0,0.0
3354,律勝,TWO,24.25,1391039.0,33761561.0,0.0,0.0,0.0
3357,臺慶科,TWO,150.5,910789.0,136008707.0,0.0,0.0,0.0
3360,尚立,TWO,16.05,5944956.0,94171948.0,0.0,0.0,0.0
3362,先進光,TWO,102.0,430465.0,43552822.0,0.0,0.0,0.0
3363,上詮,TWO,456.0,4606236.0,2101211702.0,0.0,0.0,0.0
3372,典範,TWO,21.7,1844117.0,40019412.0,0.0,0.0,0.0
3373,熱映,TWO,17.75,131451.0,2330251.0,0.0,0.0,0.0
3374,精材,TWO,176.0,11660375.0,2041341146.0,0.0,0.0,0.0
3379,彬台,TWO,41.9,467591.0,19557852.0,0.0,0.0,0.0
3388,崇越電,TWO,62.1,119338.0,7401022.0,0.0,0.0,0.0
3390,旭軟,TWO,23.5,826253.0,19512337.0,0.0,0.0,0.0
3402,漢科,TWO,124.5,307079.0,37820656.0,0.0,0.0,0.0
3426,台興,TWO,47.1,280289.0,13208146.0,0.0,0.0,0.0
3430,奇鈦科,TWO,67.0,706500.0,47093716.0,0.0,0.0,0.0
3434,哲固,TWO,29.35,204596.0,6023811.0,0.0,0.0,0.0
3438,類比科,TWO,46.0,89961.0,4126304.0,0.0,0.0,0.0
3441,聯一光,TWO,34.05,143272.0,4950937.0,0.0,0.0,0.0
3444,利機,TWO,62.3,138955.0,8657099.0,0.0,0.0,0.0
3455,由田,TWO,104.0,1936116.0,200797688.0,0.0,0.0,0.0
3465,進泰電子,TWO,46.9,14217.0,646195.0,0.0,0.0,0.0
3466,德晉,TWO,37.15,332103.0,12286830.0,0.0,0.0,0.0
3467,台灣精材,TWO,40.2,23174.0,952808.0,0.0,0.0,0.0
3479,安勤,TWO,89.4,132904.0,11863008.0,0.0,0.0,0.0
3483,力致,TWO,84.6,343581.0,29093046.0,0.0,0.0,0.0
3484,崧騰,TWO,48.75,160128.0,7756027.0,0.0,0.0,0.0
3489,森寶,TWO,20.05,44057.0,882837.0,0.0,0.0,0.0
3490,單井,TWO,23.7,165912.0,3939631.0,0.0,0.0,0.0
3491,昇達科,TWO,1400.0,594743.0,810722030.0,0.0,0.0,0.0
3492,長盛,TWO,23.5,92000.0,2173150.0,0.0,0.0,0.0
3498,陽程,TWO,47.35,647668.0,30723069.0,0.0,0.0,0.0
3499,環天科,TWO,16.65,620973.0,10226669.0,0.0,0.0,0.0
3508,位速,TWO,35.0,1351484.0,45249541.0,0.0,0.0,0.0
3511,矽瑪,TWO,19.85,123529.0,2449120.0,0.0,0.0,0.0
3512,皇龍,TWO,20.3,46553.0,939133.0,0.0,0.0,0.0
3516,亞帝歐,TWO,19.85,60278.0,1199317.0,0.0,0.0,0.0
3520,華盈,TWO,15.2,228173.0,3499297.0,0.0,0.0,0.0
3521,台鋼建設,TWO,15.7,162234.0,2538669.0,0.0,0.0,0.0
3522,御嵿,TWO,15.1,168752.0,2551447.0,0.0,0.0,0.0
3523,迎輝,TWO,0.0,561.0,9083.0,0.0,0.0,0.0
3526,凡甲,TWO,285.5,1366363.0,396760723.0,0.0,0.0,0.0
3527,聚積,TWO,57.2,159367.0,9171493.0,0.0,0.0,0.0
3529,力旺,TWO,1985.0,2245239.0,4336785990.0,0.0,0.0,0.0
3531,先益,TWO,20.95,17001.0,359371.0,0.0,0.0,0.0
3537,堡達,TWO,45.25,177875.0,8061328.0,0.0,0.0,0.0
3540,曜越,TWO,29.75,185957.0,5535287.0,0.0,0.0,0.0
3541,西柏,TWO,26.2,56052.0,1463797.0,0.0,0.0,0.0
3546,宇峻,TWO,68.0,1836738.0,124657876.0,0.0,0.0,0.0
3548,兆利,TWO,81.0,357362.0,29132317.0,0.0,0.0,0.0
3551,世禾,TWO,175.5,488411.0,85259430.0,0.0,0.0,0.0
3552,同致,TWO,51.9,120675.0,6278807.0,0.0,0.0,0.0
3555,博士旺,TWO,121.0,448433.0,53067553.0,0.0,0.0,0.0
3556,禾瑞亞,TWO,42.95,398310.0,17290866.0,0.0,0.0,0.0
3558,神準,TWO,126.5,167166.0,21245746.0,0.0,0.0,0.0
3564,其陽,TWO,44.95,67117.0,3011527.0,0.0,0.0,0.0
3567,逸昌,TWO,27.3,79330.0,2153998.0,0.0,0.0,0.0
3570,大塚,TWO,183.5,458471.0,86214294.0,0.0,0.0,0.0
3577,泓格,TWO,64.4,243576.0,15713415.0,0.0,0.0,0.0
3580,友威科,TWO,65.8,329219.0,21594632.0,0.0,0.0,0.0
3581,博磊,TWO,72.2,1773376.0,121818690.0,0.0,0.0,0.0
3587,閎康,TWO,207.5,752536.0,154686830.0,0.0,0.0,0.0
3594,磐儀,TWO,37.35,245325.0,9098523.0,0.0,0.0,0.0
3597,映興,TWO,25.1,72250.0,1814036.0,0.0,0.0,0.0
3609,三一東林,TWO,35.0,277691.0,9637777.0,0.0,0.0,0.0
3611,鼎翰,TWO,192.0,40311.0,7743655.0,0.0,0.0,0.0
3615,安可,TWO,25.8,1461305.0,37595281.0,0.0,0.0,0.0
3623,富晶通,TWO,24.3,193483.0,4771907.0,0.0,0.0,0.0
3624,光頡,TWO,52.7,688567.0,36485777.0,0.0,0.0,0.0
3625,西勝,TWO,18.75,290375.0,5498331.0,0.0,0.0,0.0
3628,盈正,TWO,63.1,113753.0,7182949.0,0.0,0.0,0.0
3629,地心引力,TWO,19.8,3000.0,59800.0,0.0,0.0,0.0
3630,新鉅科,TWO,32.4,970415.0,31395062.0,0.0,0.0,0.0
3631,晟楠,TWO,28.5,204279.0,5761187.0,0.0,0.0,0.0
3632,研勤,TWO,9.19,18011.0,165655.0,0.0,0.0,0.0
3646,艾恩特,TWO,25.0,15093.0,373892.0,0.0,0.0,0.0
3663,鑫科,TWO,68.5,10674236.0,736681459.0,0.0,0.0,0.0
3664,安瑞-KY,TWO,13.95,33947.0,474776.0,0.0,0.0,0.0
3666,光耀,TWO,27.55,75130.0,2043215.0,0.0,0.0,0.0
3672,康聯訊,TWO,11.85,25020.0,291374.0,0.0,0.0,0.0
3675,德微,TWO,146.5,255280.0,37414440.0,0.0,0.0,0.0
3680,家登,TWO,392.5,1020989.0,403383144.0,0.0,0.0,0.0
3684,榮昌,TWO,54.1,278137.0,15089300.0,0.0,0.0,0.0
3685,元創精密,TWO,37.2,380737.0,14205752.0,0.0,0.0,0.0
3687,歐買尬,TWO,71.5,110508.0,7908122.0,0.0,0.0,0.0
3689,湧德,TWO,110.5,2257027.0,249782424.0,0.0,0.0,0.0
3691,碩禾,TWO,105.0,1230343.0,125873340.0,0.0,0.0,0.0
3693,營邦,TWO,358.5,1013235.0,367512962.0,0.0,0.0,0.0
3707,漢磊,TWO,52.5,3333077.0,176108605.0,0.0,0.0,0.0
3709,鑫聯大投控,TWO,62.0,1900847.0,119212604.0,0.0,0.0,0.0
3710,連展投控,TWO,6.96,362623.0,2501633.0,0.0,0.0,0.0
3713,新晶投控,TWO,19.45,237716.0,4452258.0,0.0,0.0,0.0
4102,永日,TWO,20.15,161397.0,3243157.0,0.0,0.0,0.0
4105,東洋,TWO,83.7,638457.0,53324536.0,0.0,0.0,0.0
4107,邦特,TWO,119.5,58189.0,6954500.0,0.0,0.0,0.0
4109,加捷生醫,TWO,13.7,160376.0,2199629.0,0.0,0.0,0.0
4111,濟生,TWO,29.8,146846.0,4362002.0,0.0,0.0,0.0
4113,聯上,TWO,20.35,360213.0,7257993.0,0.0,0.0,0.0
4114,健喬,TWO,32.4,616021.0,19919166.0,0.0,0.0,0.0
4116,明基醫,TWO,41.9,32417.0,1355631.0,0.0,0.0,0.0
4120,友華,TWO,44.15,26641.0,1170000.0,0.0,0.0,0.0
4121,優盛,TWO,17.7,311439.0,5488961.0,0.0,0.0,0.0
4123,晟德,TWO,40.0,1106263.0,43954092.0,0.0,0.0,0.0
4126,太醫,TWO,81.4,65300.0,5293741.0,0.0,0.0,0.0
4127,天良,TWO,38.4,42043.0,1604996.0,0.0,0.0,0.0
4128,中天,TWO,18.45,1012951.0,18689827.0,0.0,0.0,0.0
4129,聯合,TWO,109.0,270160.0,29300103.0,0.0,0.0,0.0
4130,健亞,TWO,32.0,2236162.0,71724704.0,0.0,0.0,0.0
4131,浩泰,TWO,39.1,56623.0,2220113.0,0.0,0.0,0.0
4138,曜亞,TWO,59.3,18905.0,1121602.0,0.0,0.0,0.0
4139,馬光-KY,TWO,23.75,31476.0,756807.0,0.0,0.0,0.0
4147,中裕,TWO,53.7,819975.0,43593459.0,0.0,0.0,0.0
4153,鈺緯,TWO,33.55,10015.0,334458.0,0.0,0.0,0.0
4154,樂威科-KY,TWO,13.25,50150.0,638195.0,0.0,0.0,0.0
4157,太景*-KY,TWO,12.2,1768544.0,21485088.0,0.0,0.0,0.0
4160,訊聯基因,TWO,49.9,43048.0,2150142.0,0.0,0.0,0.0
4161,聿新科,TWO,27.0,124182.0,3293372.0,0.0,0.0,0.0
4162,智擎,TWO,64.6,374890.0,24220397.0,0.0,0.0,0.0
4163,鐿鈦,TWO,103.0,60928.0,6304744.0,0.0,0.0,0.0
4166,友霖,TWO,26.7,61264.0,1629876.0,0.0,0.0,0.0
4167,松瑞藥,TWO,19.0,1226383.0,23177776.0,0.0,0.0,0.0
4168,醣聯,TWO,26.05,343076.0,8991514.0,0.0,0.0,0.0
4171,瑞基,TWO,20.5,99550.0,2040959.0,0.0,0.0,0.0
4173,久裕,TWO,21.4,137562.0,2953616.0,0.0,0.0,0.0
4174,浩鼎,TWO,44.05,603581.0,26723278.0,0.0,0.0,0.0
4175,杏一,TWO,57.9,19648.0,1136684.0,0.0,0.0,0.0
4183,福永生技,TWO,0.0,0.0,0.0,0.0,0.0,0.0
4188,安克,TWO,14.2,35016.0,482938.0,0.0,0.0,0.0
4192,杏國,TWO,21.95,15450.0,337583.0,0.0,0.0,0.0
4198,欣大健康,TWO,35.8,15422.0,560508.0,0.0,0.0,0.0
4205,中華食,TWO,77.9,40314.0,3137747.0,0.0,0.0,0.0
4207,環泰,TWO,19.4,550367.0,10686237.0,0.0,0.0,0.0
4303,信立,TWO,55.9,517932.0,29043464.0,0.0,0.0,0.0
4304,勝昱,TWO,29.9,18000.0,539600.0,0.0,0.0,0.0
4305,世坤,TWO,42.9,10000.0,427950.0,0.0,0.0,0.0
4401,東隆興,TWO,16.0,78846.0,1262527.0,0.0,0.0,0.0
4402,郡都開發,TWO,19.45,34115.0,650311.0,0.0,0.0,0.0
4406,新昕纖,TWO,10.2,22115.0,226162.0,0.0,0.0,0.0
4413,飛寶企業,TWO,17.8,34038.0,624910.0,0.0,0.0,0.0
4416,三圓,TWO,27.7,321020.0,8732576.0,0.0,0.0,0.0
4417,金洲,TWO,52.6,166924.0,8786309.0,0.0,0.0,0.0
4419,皇家美食,TWO,44.75,4009.0,180187.0,0.0,0.0,0.0
4420,光明,TWO,50.3,47638.0,2402863.0,0.0,0.0,0.0
4430,耀億,TWO,18.8,55074.0,1011014.0,0.0,0.0,0.0
4432,銘旺實,TWO,16.15,24306.0,392981.0,0.0,0.0,0.0
4433,興采,TWO,21.95,54187.0,1171850.0,0.0,0.0,0.0
4442,竣邦-KY,TWO,54.6,27965.0,1531154.0,0.0,0.0,0.0
4502,健信,TWO,15.8,52976.0,833811.0,0.0,0.0,0.0
4503,金雨,TWO,38.45,140736.0,5364421.0,0.0,0.0,0.0
4506,崇友,TWO,114.0,113373.0,13000415.0,0.0,0.0,0.0
4510,高鋒,TWO,45.55,1109201.0,50687435.0,0.0,0.0,0.0
4513,福裕,TWO,18.5,169473.0,3120065.0,0.0,0.0,0.0
4523,永彰,TWO,31.35,614678.0,19270144.0,0.0,0.0,0.0
4527,方土霖,TWO,41.05,35870.0,1471851.0,0.0,0.0,0.0
4528,江興鍛,TWO,19.5,23668.0,457669.0,0.0,0.0,0.0
4529,淳紳,TWO,3.3,39001.0,127933.0,0.0,0.0,0.0
4530,宏易,TWO,28.3,4062.0,114978.0,0.0,0.0,0.0
4533,協易機,TWO,31.05,1723956.0,53414104.0,0.0,0.0,0.0
4534,慶騰,TWO,21.75,723992.0,15799053.0,0.0,0.0,0.0
4535,至興,TWO,29.95,34235.0,1025481.0,0.0,0.0,0.0
4538,大詠城,TWO,18.25,42141.0,769144.0,0.0,0.0,0.0
4541,晟田,TWO,44.2,876303.0,38532234.0,0.0,0.0,0.0
4542,科嶠,TWO,142.0,1282842.0,176690746.0,0.0,0.0,0.0
4543,萬在,TWO,30.3,198424.0,6030427.0,0.0,0.0,0.0
4549,桓達,TWO,101.0,238693.0,23726854.0,0.0,0.0,0.0
4550,長佳,TWO,26.7,36388.0,967284.0,0.0,0.0,0.0
4554,橙的,TWO,26.55,48558.0,1287349.0,0.0,0.0,0.0
4556,旭然,TWO,27.3,51122.0,1392568.0,0.0,0.0,0.0
4558,寶緯,TWO,19.0,85250.0,1611750.0,0.0,0.0,0.0
4561,健椿,TWO,40.9,290122.0,11727992.0,0.0,0.0,0.0
4563,百德,TWO,52.1,341240.0,17742133.0,0.0,0.0,0.0
4568,科際精密,TWO,42.65,1000.0,42650.0,0.0,0.0,0.0
4577,達航科技,TWO,59.2,2583386.0,156325953.0,0.0,0.0,0.0
4580,捷流閥業,TWO,82.0,59738.0,4873600.0,0.0,0.0,0.0
4584,君帆,TWO,45.5,13007.0,607178.0,0.0,0.0,0.0
4609,唐鋒,TWO,0.0,1.0,6.0,0.0,0.0,0.0
4702,中美實,TWO,9.98,155203.0,1525593.0,0.0,0.0,0.0
4706,大恭,TWO,30.0,6063.0,181811.0,0.0,0.0,0.0
4707,磐亞,TWO,10.1,435755.0,4406007.0,0.0,0.0,0.0
4711,永純,TWO,14.95,19421.0,290509.0,0.0,0.0,0.0
4714,永捷,TWO,16.65,1465388.0,24403944.0,0.0,0.0,0.0
4716,大立,TWO,15.2,230576.0,3520050.0,0.0,0.0,0.0
4721,美琪瑪,TWO,64.7,198739.0,12821538.0,0.0,0.0,0.0
4726,永昕,TWO,32.45,280281.0,9112181.0,0.0,0.0,0.0
4728,雙美,TWO,389.5,20185.0,7906649.0,0.0,0.0,0.0
4729,熒茂,TWO,21.0,168205.0,3540750.0,0.0,0.0,0.0
4735,豪展,TWO,31.75,20169.0,647019.0,0.0,0.0,0.0
4741,泓瀚,TWO,21.65,32646.0,707810.0,0.0,0.0,0.0
4743,合一,TWO,58.2,1912543.0,110884399.0,0.0,0.0,0.0
4744,皇將,TWO,31.75,774567.0,24924130.0,0.0,0.0,0.0
4745,合富-KY,TWO,21.45,130522.0,2807324.0,0.0,0.0,0.0
4747,強生,TWO,56.7,2085.0,118172.0,0.0,0.0,0.0
4749,新應材,TWO,830.0,925591.0,756570754.0,0.0,0.0,0.0
4754,國碳科,TWO,38.6,11991.0,461908.0,0.0,0.0,0.0
4760,勤凱,TWO,174.0,528322.0,91219594.0,0.0,0.0,0.0
4767,誠泰科技,TWO,24.9,9000.0,222650.0,0.0,0.0,0.0
4768,晶呈科技,TWO,388.0,1340929.0,521989292.0,0.0,0.0,0.0
4772,台特化,TWO,307.5,1162152.0,357844032.0,0.0,0.0,0.0
4804,大略-KY,TWO,5.89,13046.0,76977.0,0.0,0.0,0.0
4806,桂田文創,TWO,11.7,100940.0,1167888.0,0.0,0.0,0.0
4903,聯光通,TWO,38.95,2018598.0,79074583.0,0.0,0.0,0.0
4905,台聯電,TWO,64.3,4000.0,257100.0,0.0,0.0,0.0
4907,富宇,TWO,42.5,47202.0,1957994.0,0.0,0.0,0.0
4908,前鼎,TWO,79.2,2909418.0,224673321.0,0.0,0.0,0.0
4909,新復興,TWO,52.1,573021.0,30038315.0,0.0,0.0,0.0
4911,德英,TWO,38.45,35139.0,1337669.0,0.0,0.0,0.0
4923,力士,TWO,32.7,33275.0,1061839.0,0.0,0.0,0.0
4924,欣厚-KY,TWO,10.95,103089.0,1179190.0,0.0,0.0,0.0
4931,新盛力,TWO,139.0,1369322.0,191164393.0,0.0,0.0,0.0
4933,友輝,TWO,58.0,78366.0,4551448.0,0.0,0.0,0.0
4939,亞電,TWO,33.1,2522786.0,82635787.0,0.0,0.0,0.0
4946,辣椒,TWO,110.0,126396.0,14096539.0,0.0,0.0,0.0
4950,金耘國際,TWO,16.95,13543.0,225509.0,0.0,0.0,0.0
4951,精拓科,TWO,70.8,186756.0,13131515.0,0.0,0.0,0.0
4953,緯軟,TWO,117.5,314797.0,36756056.0,0.0,0.0,0.0
4966,譜瑞-KY,TWO,508.0,1396843.0,708592735.0,0.0,0.0,0.0
4971,IET-KY,TWO,401.0,631202.0,253362008.0,0.0,0.0,0.0
4972,湯石照明,TWO,18.0,24564.0,442191.0,0.0,0.0,0.0
4973,廣穎,TWO,45.85,2201298.0,99523032.0,0.0,0.0,0.0
4974,亞泰,TWO,76.8,466435.0,35831458.0,0.0,0.0,0.0
4979,華星光,TWO,325.0,14433122.0,4709328387.0,0.0,0.0,0.0
4987,科誠,TWO,80.6,135209.0,10889181.0,0.0,0.0,0.0
4991,環宇-KY,TWO,269.0,2025659.0,539571379.0,0.0,0.0,0.0
4995,晶達,TWO,39.85,25125.0,1000398.0,0.0,0.0,0.0
5009,榮剛,TWO,34.7,4741915.0,164137347.0,0.0,0.0,0.0
5011,久陽,TWO,12.3,340331.0,4165600.0,0.0,0.0,0.0
5013,強新,TWO,29.85,14299.0,420377.0,0.0,0.0,0.0
5014,建錩,TWO,11.1,317244.0,3520516.0,0.0,0.0,0.0
5015,華祺,TWO,28.4,36190.0,1025314.0,0.0,0.0,0.0
5016,松和,TWO,25.2,5100.0,128530.0,0.0,0.0,0.0
5201,凱衛,TWO,41.15,91014.0,3728561.0,0.0,0.0,0.0
5202,力新,TWO,14.5,208648.0,3041772.0,0.0,0.0,0.0
5205,中茂,TWO,26.4,9576.0,250229.0,0.0,0.0,0.0
5206,坤悅,TWO,29.85,55600.0,1667366.0,0.0,0.0,0.0
5209,新鼎,TWO,165.0,36844.0,6046737.0,0.0,0.0,0.0
5210,寶碩,TWO,21.45,150145.0,3176536.0,0.0,0.0,0.0
5211,蒙恬,TWO,24.45,19459.0,469490.0,0.0,0.0,0.0
5212,凌網,TWO,52.0,56064.0,2857222.0,0.0,0.0,0.0
5213,亞昕,TWO,23.95,649499.0,15442766.0,0.0,0.0,0.0
5220,萬達光電,TWO,18.75,126434.0,2395721.0,0.0,0.0,0.0
5223,安力-KY,TWO,28.35,14040.0,396020.0,0.0,0.0,0.0
5227,立凱-KY,TWO,24.9,167901.0,4189709.0,0.0,0.0,0.0
5228,鈺鎧,TWO,21.35,455216.0,9612658.0,0.0,0.0,0.0
5230,雷笛克光學,TWO,17.2,108222.0,1865530.0,0.0,0.0,0.0
5236,凌陽創新,TWO,123.0,148885.0,18308690.0,0.0,0.0,0.0
5245,智晶,TWO,27.0,175090.0,4836709.0,0.0,0.0,0.0
5251,天鉞電,TWO,31.85,68729.0,2192664.0,0.0,0.0,0.0
5263,智崴,TWO,104.5,419739.0,43314755.0,0.0,0.0,0.0
5272,笙科,TWO,19.9,78262.0,1555664.0,0.0,0.0,0.0
5274,信驊,TWO,9725.0,249393.0,2400949515.0,0.0,0.0,0.0
5276,達輝-KY,TWO,16.0,7000.0,109950.0,0.0,0.0,0.0
5278,尚凡*,TWO,28.1,241609.0,6769020.0,0.0,0.0,0.0
5287,數字,TWO,164.5,354185.0,58421031.0,0.0,0.0,0.0
5289,宜鼎,TWO,726.0,3511084.0,2575642824.0,0.0,0.0,0.0
5291,邑昇,TWO,37.9,1140308.0,42385358.0,0.0,0.0,0.0
5299,杰力,TWO,74.5,87315.0,6482097.0,0.0,0.0,0.0
5301,寶得利,TWO,11.8,3006.0,35316.0,0.0,0.0,0.0
5302,太欣,TWO,11.4,927014.0,10451908.0,0.0,0.0,0.0
5309,系統電,TWO,64.7,3801572.0,247309071.0,0.0,0.0,0.0
5310,天剛,TWO,24.7,37307.0,902214.0,0.0,0.0,0.0
5312,寶島科,TWO,98.9,25970.0,2566166.0,0.0,0.0,0.0
5314,世紀*,TWO,87.6,6099524.0,535626814.0,0.0,0.0,0.0
5315,光聯,TWO,24.7,451353.0,11116914.0,0.0,0.0,0.0
5321,美而快,TWO,27.9,56487.0,1573184.0,0.0,0.0,0.0
5324,士開,TWO,10.6,92905.0,989396.0,0.0,0.0,0.0
5328,華容,TWO,24.4,6400583.0,154174983.0,0.0,0.0,0.0
5340,建榮,TWO,99.8,24752509.0,2497128372.0,0.0,0.0,0.0
5344,立衛,TWO,14.25,23774.0,342503.0,0.0,0.0,0.0
5345,馥鴻,TWO,22.4,16764.0,368945.0,0.0,0.0,0.0
5347,世界,TWO,126.0,12973838.0,1628465625.0,0.0,0.0,0.0
5348,正能量智能,TWO,17.25,6000.0,102800.0,0.0,0.0,0.0
5351,鈺創,TWO,55.7,7890883.0,438026443.0,0.0,0.0,0.0
5353,台林,TWO,24.8,57118.0,1405800.0,0.0,0.0,0.0
5355,佳總,TWO,7.44,208039.0,1498283.0,0.0,0.0,0.0
5356,協益,TWO,25.35,233359.0,5944938.0,0.0,0.0,0.0
5364,力麗店,TWO,12.75,116512.0,1491528.0,0.0,0.0,0.0
5371,中光電,TWO,83.7,4711771.0,393017147.0,0.0,0.0,0.0
5381,合正,TWO,24.95,1803466.0,45201552.0,0.0,0.0,0.0
5386,青雲,TWO,159.5,1961292.0,297548989.0,0.0,0.0,0.0
5392,能率,TWO,43.05,930295.0,39932778.0,0.0,0.0,0.0
5398,慕康生醫,TWO,21.75,341933.0,7474590.0,0.0,0.0,0.0
5403,中菲,TWO,111.0,99779.0,11018431.0,0.0,0.0,0.0
5410,國眾,TWO,30.2,302949.0,9176927.0,0.0,0.0,0.0
5425,台半,TWO,58.8,2809136.0,165675391.0,0.0,0.0,0.0
5426,振發,TWO,20.6,2030388.0,42323829.0,0.0,0.0,0.0
5432,新門,TWO,150.5,76447.0,11625109.0,0.0,0.0,0.0
5438,東友,TWO,21.2,313637.0,6664076.0,0.0,0.0,0.0
5439,高技,TWO,311.0,9666885.0,3103536958.0,0.0,0.0,0.0
5443,均豪,TWO,84.0,942192.0,78842389.0,0.0,0.0,0.0
5450,南良,TWO,14.1,75650.0,1080844.0,0.0,0.0,0.0
5452,佶優,TWO,28.8,956883.0,27894276.0,0.0,0.0,0.0
5455,昇益,TWO,0.0,31.0,882.0,0.0,0.0,0.0
5457,宣德,TWO,35.85,813264.0,29175907.0,0.0,0.0,0.0
5460,同協,TWO,15.4,41204.0,634826.0,0.0,0.0,0.0
5464,霖宏,TWO,26.15,183867.0,4800544.0,0.0,0.0,0.0
5465,富驊,TWO,29.7,135912.0,4036411.0,0.0,0.0,0.0
5468,凱鈺,TWO,17.0,221821.0,3765832.0,0.0,0.0,0.0
5474,聰泰,TWO,147.0,81862.0,12086169.0,0.0,0.0,0.0
5475,德宏,TWO,163.0,5533632.0,880534040.0,0.0,0.0,0.0
5478,智冠,TWO,101.5,155922.0,15858802.0,0.0,0.0,0.0
5481,新華,TWO,22.95,197883.0,4400736.0,0.0,0.0,0.0
5483,中美晶,TWO,113.5,13386455.0,1530612828.0,0.0,0.0,0.0
5487,通泰,TWO,28.1,18088.0,501787.0,0.0,0.0,0.0
5488,松普,TWO,9.91,383579.0,3789741.0,0.0,0.0,0.0
5489,彩富,TWO,41.5,39739.0,1631616.0,0.0,0.0,0.0
5490,同亨,TWO,25.35,130746.0,3310697.0,0.0,0.0,0.0
5493,三聯,TWO,85.9,279865.0,23807562.0,0.0,0.0,0.0
5498,凱崴,TWO,54.0,14920456.0,821710630.0,0.0,0.0,0.0
5508,永信建,TWO,58.5,284138.0,16554944.0,0.0,0.0,0.0
5511,德昌,TWO,66.7,343626.0,22973471.0,0.0,0.0,0.0
5512,力麒,TWO,7.82,752413.0,5878437.0,0.0,0.0,0.0
5514,三豐,TWO,15.45,264308.0,4145281.0,0.0,0.0,0.0
5516,雙喜,TWO,14.85,26258.0,391820.0,0.0,0.0,0.0
5520,力泰,TWO,88.3,5333.0,470693.0,0.0,0.0,0.0
5523,豐謙,TWO,30.5,55403.0,1686929.0,0.0,0.0,0.0
5529,鉅陞,TWO,27.5,63160.0,1748713.0,0.0,0.0,0.0
5530,龍巖,TWO,51.0,529479.0,26998601.0,0.0,0.0,0.0
5536,聖暉*,TWO,638.0,1165770.0,728701093.0,0.0,0.0,0.0
5543,桓鼎-KY,TWO,29.0,54478.0,1566231.0,0.0,0.0,0.0
5547,久舜,TWO,22.3,131195.0,2932144.0,0.0,0.0,0.0
5548,安倉,TWO,23.6,58028.0,1368736.0,0.0,0.0,0.0
5601,台聯櫃,TWO,0.0,0.0,0.0,0.0,0.0,0.0
5603,陸海,TWO,17.7,113057.0,2006227.0,0.0,0.0,0.0
5604,中連,TWO,39.15,223401.0,8769854.0,0.0,0.0,0.0
5609,中菲行,TWO,78.3,83750.0,6550322.0,0.0,0.0,0.0
5701,劍湖山,TWO,3.9,30439.0,118556.0,0.0,0.0,0.0
5703,亞都,TWO,14.4,1000.0,14400.0,0.0,0.0,0.0
5704,老爺知,TWO,22.25,72831.0,1623680.0,0.0,0.0,0.0
5864,致和證,TWO,22.95,6098480.0,138291694.0,0.0,0.0,0.0
5878,台名,TWO,41.5,1103.0,45794.0,0.0,0.0,0.0
5902,德記,TWO,40.75,29100.0,1152180.0,0.0,0.0,0.0
5903,全家,TWO,196.5,123149.0,24167920.0,0.0,0.0,0.0
5904,寶雅,TWO,445.5,584922.0,261057219.0,0.0,0.0,0.0
5905,南仁湖,TWO,8.91,937257.0,8354499.0,0.0,0.0,0.0
6015,宏遠證,TWO,13.5,4215601.0,56641926.0,0.0,0.0,0.0
6016,康和證,TWO,16.4,8018943.0,131191002.0,0.0,0.0,0.0
6020,大展證,TWO,19.2,14085.0,268465.0,0.0,0.0,0.0
6021,美好證,TWO,30.9,292501.0,9009467.0,0.0,0.0,0.0
6023,元大期,TWO,95.1,40847.0,3867146.0,0.0,0.0,0.0
6026,福邦證,TWO,13.8,1583488.0,21824482.0,0.0,0.0,0.0
6101,寬魚國際,TWO,38.6,60001.0,2297738.0,0.0,0.0,0.0
6103,合邦,TWO,0.0,2000.0,62806.0,0.0,0.0,0.0
6104,創惟,TWO,94.5,944989.0,89324851.0,0.0,0.0,0.0
6109,亞元,TWO,11.9,285348.0,3354508.0,0.0,0.0,0.0
6111,大宇資,TWO,42.85,359234.0,15414987.0,0.0,0.0,0.0
6113,亞矽,TWO,21.75,273499.0,5951154.0,0.0,0.0,0.0
6114,久威,TWO,31.75,9056.0,284659.0,0.0,0.0,0.0
6118,建達,TWO,18.75,240505.0,4501826.0,0.0,0.0,0.0
6121,新普,TWO,329.5,547419.0,180440819.0,0.0,0.0,0.0
6122,擎邦,TWO,49.65,1218439.0,59839007.0,0.0,0.0,0.0
6123,上奇,TWO,44.0,107907.0,4738756.0,0.0,0.0,0.0
6124,業強,TWO,28.0,24644.0,689303.0,0.0,0.0,0.0
6125,廣運,TWO,63.0,1091400.0,68797494.0,0.0,0.0,0.0
6126,信音,TWO,39.1,4930854.0,190514080.0,0.0,0.0,0.0
6127,九豪,TWO,32.0,3502025.0,112465944.0,0.0,0.0,0.0
6129,普誠,TWO,15.1,400556.0,6078120.0,0.0,0.0,0.0
6130,上亞科技,TWO,39.5,494741.0,18553611.0,0.0,0.0,0.0
6134,萬旭,TWO,29.95,835818.0,24972750.0,0.0,0.0,0.0
6138,茂達,TWO,235.5,358209.0,84445885.0,0.0,0.0,0.0
6140,訊達,TWO,22.55,171623.0,3842107.0,0.0,0.0,0.0
6143,振曜,TWO,104.5,582698.0,60684732.0,0.0,0.0,0.0
6144,得利影,TWO,17.6,13580.0,238140.0,0.0,0.0,0.0
6146,耕興,TWO,178.5,234306.0,41869147.0,0.0,0.0,0.0
6147,頎邦,TWO,52.9,3191380.0,169615658.0,0.0,0.0,0.0
6148,驊宏資,TWO,33.6,334065.0,11324434.0,0.0,0.0,0.0
6150,撼訊,TWO,57.6,286959.0,16521672.0,0.0,0.0,0.0
6151,晉倫,TWO,30.65,956105.0,29833749.0,0.0,0.0,0.0
6154,順發,TWO,13.75,47768.0,643631.0,0.0,0.0,0.0
6156,松上,TWO,21.1,784658.0,16490145.0,0.0,0.0,0.0
6158,禾昌,TWO,20.8,27569.0,568696.0,0.0,0.0,0.0
6160,欣技,TWO,16.75,241367.0,4019307.0,0.0,0.0,0.0
6161,捷波,TWO,43.6,139305.0,6052127.0,0.0,0.0,0.0
6163,華電網,TWO,51.5,3949758.0,203896461.0,0.0,0.0,0.0
6167,久正,TWO,11.8,182624.0,2141676.0,0.0,0.0,0.0
6169,昱泉,TWO,17.75,104914.0,1862361.0,0.0,0.0,0.0
6170,統振,TWO,49.0,289253.0,14180421.0,0.0,0.0,0.0
6171,大城地產,TWO,28.1,12196.0,341507.0,0.0,0.0,0.0
6173,信昌電,TWO,62.0,2553629.0,158323028.0,0.0,0.0,0.0
6174,安碁,TWO,22.1,40051.0,880606.0,0.0,0.0,0.0
6175,立敦,TWO,44.95,663033.0,29506402.0,0.0,0.0,0.0
6179,亞通,TWO,26.9,1032129.0,27994629.0,0.0,0.0,0.0
6180,橘子,TWO,51.6,501340.0,25837086.0,0.0,0.0,0.0
6182,合晶,TWO,34.1,9155159.0,313540039.0,0.0,0.0,0.0
6185,幃翔,TWO,15.05,237480.0,3571384.0,0.0,0.0,0.0
6186,新潤,TWO,45.15,324854.0,14623782.0,0.0,0.0,0.0
6187,萬潤,TWO,391.0,1808758.0,701551452.0,0.0,0.0,0.0
6188,廣明,TWO,99.3,1506003.0,149416217.0,0.0,0.0,0.0
6190,萬泰科,TWO,47.4,1798485.0,85020129.0,0.0,0.0,0.0
6194,育富,TWO,32.75,56050.0,1830919.0,0.0,0.0,0.0
6195,詩肯,TWO,25.35,30884.0,782110.0,0.0,0.0,0.0
6198,瑞築,TWO,25.6,107663.0,2729066.0,0.0,0.0,0.0
6199,天品,TWO,96.4,262307.0,24604745.0,0.0,0.0,0.0
6203,海韻電,TWO,68.9,919401.0,63058364.0,0.0,0.0,0.0
6204,艾華,TWO,71.9,593961.0,42944584.0,0.0,0.0,0.0
6207,雷科,TWO,51.0,773525.0,39165736.0,0.0,0.0,0.0
6208,日揚,TWO,44.8,93366.0,4199210.0,0.0,0.0,0.0
6210,慶生,TWO,20.35,23010.0,468402.0,0.0,0.0,0.0
6212,理銘,TWO,36.15,1940.0,69659.0,0.0,0.0,0.0
6217,中探針,TWO,64.1,9901337.0,634104090.0,0.0,0.0,0.0
6218,豪勉,TWO,23.5,340753.0,8051779.0,0.0,0.0,0.0
6219,富旺,TWO,15.15,523941.0,7906044.0,0.0,0.0,0.0
6220,岳豐,TWO,30.0,932034.0,28021598.0,0.0,0.0,0.0
6221,晉泰,TWO,28.65,251049.0,7253289.0,0.0,0.0,0.0
6222,立軒,TWO,19.05,62603.0,1206108.0,0.0,0.0,0.0
6223,旺矽,TWO,2790.0,801849.0,2254495750.0,0.0,0.0,0.0
6227,茂綸,TWO,84.8,349018.0,29967786.0,0.0,0.0,0.0
6228,全譜,TWO,25.05,17629.0,447907.0,0.0,0.0,0.0
6229,研通,TWO,22.1,100678.0,2238147.0,0.0,0.0,0.0
6231,系微,TWO,188.0,275398.0,51889567.0,0.0,0.0,0.0
6233,旺玖,TWO,23.7,260323.0,6119078.0,0.0,0.0,0.0
6234,高僑,TWO,25.75,386018.0,9857214.0,0.0,0.0,0.0
6236,中湛,TWO,23.4,4071.0,95304.0,0.0,0.0,0.0
6237,驊訊,TWO,37.85,166946.0,6339571.0,0.0,0.0,0.0
6240,松崗,TWO,18.6,33047.0,623464.0,0.0,0.0,0.0
6241,易通展,TWO,12.35,46170.0,566363.0,0.0,0.0,0.0
6242,立康,TWO,38.3,8629.0,330104.0,0.0,0.0,0.0
6244,茂迪,TWO,25.5,19211287.0,475498218.0,0.0,0.0,0.0
6245,立端,TWO,63.0,2363445.0,145317826.0,0.0,0.0,0.0
6246,臺龍,TWO,12.9,29238.0,371488.0,0.0,0.0,0.0
6248,沛波,TWO,21.9,259869.0,5695022.0,0.0,0.0,0.0
6259,百徽,TWO,17.95,95482.0,1717971.0,0.0,0.0,0.0
6261,久元,TWO,72.5,399265.0,28716473.0,0.0,0.0,0.0
6263,普萊德,TWO,121.5,49241.0,5945120.0,0.0,0.0,0.0
6264,富裔,TWO,7.01,34836.0,242860.0,0.0,0.0,0.0
6265,方土昶,TWO,37.7,4713657.0,179579076.0,0.0,0.0,0.0
6266,泰詠,TWO,28.7,132709.0,3803709.0,0.0,0.0,0.0
6270,倍微,TWO,25.1,399165.0,9979281.0,0.0,0.0,0.0
6274,台燿,TWO,532.0,5667036.0,3017961760.0,0.0,0.0,0.0
6275,元山,TWO,53.0,1348680.0,71213534.0,0.0,0.0,0.0
6276,安鈦克,TWO,35.3,12694.0,446328.0,0.0,0.0,0.0
6279,胡連,TWO,113.0,411381.0,46247569.0,0.0,0.0,0.0
6284,佳邦,TWO,81.5,651846.0,53154738.0,0.0,0.0,0.0
6290,良維,TWO,185.5,9618417.0,1799122141.0,0.0,0.0,0.0
6291,沛亨,TWO,276.5,3984995.0,1059953740.0,0.0,0.0,0.0
6292,迅德,TWO,40.7,20075.0,812982.0,0.0,0.0,0.0
6294,智基,TWO,44.45,30848.0,1362341.0,0.0,0.0,0.0
6411,晶焱,TWO,80.3,857748.0,70287985.0,0.0,0.0,0.0
6417,韋僑,TWO,108.5,20001.0,2155608.0,0.0,0.0,0.0
6418,詠昇,TWO,34.3,193565.0,6649490.0,0.0,0.0,0.0
6419,京晨科,TWO,69.9,59671.0,4236321.0,0.0,0.0,0.0
6423,億而得,TWO,82.9,107716.0,8945250.0,0.0,0.0,0.0
6425,易發,TWO,66.0,417543.0,27961587.0,0.0,0.0,0.0
6432,今展科,TWO,31.15,132869.0,4169238.0,0.0,0.0,0.0
6435,大中,TWO,130.5,525660.0,66706359.0,0.0,0.0,0.0
6441,廣錠,TWO,21.15,69388.0,1478203.0,0.0,0.0,0.0
6461,益得,TWO,21.85,300996.0,6514234.0,0.0,0.0,0.0
6462,神盾,TWO,109.0,1931067.0,216307729.0,0.0,0.0,0.0
6465,威潤,TWO,31.9,207277.0,6497571.0,0.0,0.0,0.0
6469,大樹,TWO,90.5,677185.0,61409233.0,0.0,0.0,0.0
6470,宇智,TWO,53.6,487503.0,26087543.0,0.0,0.0,0.0
6474,華豫寧,TWO,36.55,38804.0,1413461.0,0.0,0.0,0.0
6482,弘煜科,TWO,34.45,23040.0,795688.0,0.0,0.0,0.0
6485,點序,TWO,90.0,883559.0,80209161.0,0.0,0.0,0.0
6486,互動,TWO,78.7,134467.0,10654286.0,0.0,0.0,0.0
6488,環球晶,TWO,445.5,8100397.0,3668622849.0,0.0,0.0,0.0
6492,生華科,TWO,51.5,660016.0,34320338.0,0.0,0.0,0.0
6494,九齊,TWO,41.9,625296.0,26575659.0,0.0,0.0,0.0
6496,科懋,TWO,26.3,4659.0,123398.0,0.0,0.0,0.0
6498,久禾光,TWO,86.7,72368.0,6288636.0,0.0,0.0,0.0
6499,益安,TWO,95.0,686681.0,64110621.0,0.0,0.0,0.0
6506,雙邦,TWO,15.7,105070.0,1654896.0,0.0,0.0,0.0
6508,惠光,TWO,23.55,74185.0,1740302.0,0.0,0.0,0.0
6509,聚和,TWO,37.7,5001170.0,186416868.0,0.0,0.0,0.0
6510,精測,TWO,3980.0,382382.0,1521851345.0,0.0,0.0,0.0
6512,啟發電,TWO,20.1,5640.0,113699.0,0.0,0.0,0.0
6516,勤崴國際,TWO,63.8,55223.0,3521080.0,0.0,0.0,0.0
6517,保勝光學,TWO,60.5,680331.0,41007979.0,0.0,0.0,0.0
6523,達爾膚,TWO,117.0,14643.0,1714981.0,0.0,0.0,0.0
6527,明達醫,TWO,74.0,10270.0,761141.0,0.0,0.0,0.0
6530,創威,TWO,66.6,5920837.0,387219337.0,0.0,0.0,0.0
6532,瑞耘,TWO,53.3,80320.0,4305076.0,0.0,0.0,0.0
6535,順藥,TWO,179.0,135686.0,24127805.0,0.0,0.0,0.0
6538,倉和,TWO,67.0,105242.0,7080623.0,0.0,0.0,0.0
6542,隆中,TWO,53.3,33000.0,1759400.0,0.0,0.0,0.0
6546,正基,TWO,58.9,339395.0,20063189.0,0.0,0.0,0.0
6547,高端疫苗,TWO,35.8,1102647.0,39364114.0,0.0,0.0,0.0
6548,長科*,TWO,47.3,3605306.0,171363946.0,0.0,0.0,0.0
6556,勝品,TWO,67.2,9016.0,603405.0,0.0,0.0,0.0
6560,欣普羅,TWO,43.0,551851.0,23793583.0,0.0,0.0,0.0
6561,是方,TWO,328.0,204107.0,65955922.0,0.0,0.0,0.0
6568,宏觀,TWO,166.0,2867629.0,470722414.0,0.0,0.0,0.0
6569,醫揚,TWO,98.5,113259.0,11198793.0,0.0,0.0,0.0
6570,維田,TWO,39.6,77726.0,3053951.0,0.0,0.0,0.0
6574,霈方,TWO,78.4,43873.0,3405653.0,0.0,0.0,0.0
6576,逸達,TWO,84.6,364844.0,31035913.0,0.0,0.0,0.0
6577,勁豐,TWO,71.5,36772.0,2611252.0,0.0,0.0,0.0
6578,達邦蛋白,TWO,19.15,43462.0,831328.0,0.0,0.0,0.0
6584,南俊國際,TWO,445.0,1617772.0,689678277.0,0.0,0.0,0.0
6588,東典光電,TWO,92.6,1940627.0,175342441.0,0.0,0.0,0.0
6590,普鴻,TWO,71.5,13539.0,969340.0,0.0,0.0,0.0
6593,台灣銘板,TWO,39.5,216955.0,8683003.0,0.0,0.0,0.0
6596,寬宏藝術,TWO,144.5,520952.0,75052070.0,0.0,0.0,0.0
6597,立誠,TWO,58.4,18015.0,1051352.0,0.0,0.0,0.0
6603,富強鑫,TWO,24.1,1680228.0,40623792.0,0.0,0.0,0.0
6609,瀧澤科,TWO,39.25,90480.0,3558137.0,0.0,0.0,0.0
6612,奈米醫材,TWO,67.2,494218.0,33615259.0,0.0,0.0,0.0
6613,朋億*,TWO,184.0,155795.0,28436108.0,0.0,0.0,0.0
6615,慧智,TWO,34.05,78107.0,2679329.0,0.0,0.0,0.0
6616,特昇-KY,TWO,10.25,40400.0,407019.0,0.0,0.0,0.0
6617,共信-KY,TWO,71.4,196568.0,14099476.0,0.0,0.0,0.0
6620,漢達,TWO,75.0,499081.0,37511631.0,0.0,0.0,0.0
6624,萬年清,TWO,65.0,39691.0,2566941.0,0.0,0.0,0.0
6629,泰金-KY,TWO,116.0,224081.0,26145614.0,0.0,0.0,0.0
6637,醫影,TWO,74.0,135568.0,10113355.0,0.0,0.0,0.0
6640,均華,TWO,744.0,337542.0,249711570.0,0.0,0.0,0.0
6642,富致,TWO,56.7,200179.0,11264917.0,0.0,0.0,0.0
6643,M31,TWO,423.5,1409775.0,608874198.0,0.0,0.0,0.0
6649,台生材,TWO,40.55,104722.0,4236922.0,0.0,0.0,0.0
6651,全宇昕,TWO,99.3,280044.0,27824637.0,0.0,0.0,0.0
6654,天正國際,TWO,93.8,76841.0,7114742.0,0.0,0.0,0.0
6661,威健生技,TWO,18.6,12008.0,225555.0,0.0,0.0,0.0
6662,樂斯科,TWO,29.75,16815.0,497400.0,0.0,0.0,0.0
6664,群翊,TWO,274.5,1412274.0,389366793.0,0.0,0.0,0.0
6667,信紘科,TWO,235.0,346384.0,81646274.0,0.0,0.0,0.0
6679,鈺太,TWO,191.0,294858.0,55877540.0,0.0,0.0,0.0
6680,鑫創電子,TWO,64.5,7702.0,496110.0,0.0,0.0,0.0
6683,雍智科技,TWO,790.0,342525.0,262574672.0,0.0,0.0,0.0
6684,安格,TWO,45.8,174975.0,8186648.0,0.0,0.0,0.0
6690,安碁資訊,TWO,162.0,19620.0,3177430.0,0.0,0.0,0.0
6692,進能服,TWO,31.3,31618.0,967077.0,0.0,0.0,0.0
6693,廣閎科,TWO,85.9,302294.0,25778422.0,0.0,0.0,0.0
6697,東捷資訊,TWO,44.6,64342.0,2835310.0,0.0,0.0,0.0
6703,軒郁,TWO,106.0,69365.0,7335992.0,0.0,0.0,0.0
6708,天擎,TWO,41.2,30051.0,1238858.0,0.0,0.0,0.0
6712,長聖,TWO,154.0,764416.0,120035251.0,0.0,0.0,0.0
6716,應廣,TWO,73.2,2201299.0,160733511.0,0.0,0.0,0.0
6720,久昌,TWO,166.5,472858.0,78751488.0,0.0,0.0,0.0
6721,信實,TWO,62.0,14787.0,909304.0,0.0,0.0,0.0
6725,矽科宏晟,TWO,241.0,248934.0,60996923.0,0.0,0.0,0.0
6727,亞泰金屬,TWO,193.5,2894595.0,554782539.0,0.0,0.0,0.0
6728,上洋,TWO,134.0,47171.0,6338660.0,0.0,0.0,0.0
6730,常廣,TWO,37.0,23000.0,848250.0,0.0,0.0,0.0
6732,昇佳電子,TWO,172.0,138751.0,23837240.0,0.0,0.0,0.0
6733,博晟生醫,TWO,36.8,126669.0,4638870.0,0.0,0.0,0.0
6735,美達科技,TWO,59.4,89763.0,5234896.0,0.0,0.0,0.0
6739,竹陞科技,TWO,852.0,87172.0,73983458.0,0.0,0.0,0.0
6741,91APP*-KY,TWO,65.6,298455.0,19630630.0,0.0,0.0,0.0
6751,智聯服務,TWO,55.7,50442.0,2838084.0,0.0,0.0,0.0
6752,叡揚,TWO,115.0,68458.0,7873909.0,0.0,0.0,0.0
6761,穩得,TWO,147.0,800716.0,118471430.0,0.0,0.0,0.0
6762,達亞,TWO,161.5,10331.0,1690264.0,0.0,0.0,0.0
6763,綠界科技*,TWO,51.9,275848.0,14322039.0,0.0,0.0,0.0
6767,台微醫,TWO,29.05,36015.0,1062685.0,0.0,0.0,0.0
6785,昱展新藥,TWO,267.5,126096.0,33705998.0,0.0,0.0,0.0
6788,華景電,TWO,300.0,285000.0,85718856.0,0.0,0.0,0.0
6791,虎門科技,TWO,101.0,73014.0,7389618.0,0.0,0.0,0.0
6803,崑鼎,TWO,300.0,53127.0,15882861.0,0.0,0.0,0.0
6804,明係,TWO,16.8,155644.0,2614480.0,0.0,0.0,0.0
6811,宏碁資訊,TWO,209.0,78468.0,16473220.0,0.0,0.0,0.0
6821,聯寶,TWO,37.7,93202.0,3498095.0,0.0,0.0,0.0
6823,濾能,TWO,59.2,233573.0,13900488.0,0.0,0.0,0.0
6829,千附精密,TWO,106.5,146032.0,15562022.0,0.0,0.0,0.0
6840,東研信超,TWO,60.8,248323.0,15067561.0,0.0,0.0,0.0
6841,長佳智能,TWO,65.6,743587.0,48462185.0,0.0,0.0,0.0
6843,進典,TWO,48.15,9005.0,435593.0,0.0,0.0,0.0
6844,諾貝兒,TWO,64.0,9615.0,615669.0,0.0,0.0,0.0
6846,綠茵,TWO,73.0,8089.0,589919.0,0.0,0.0,0.0
6855,數泓科,TWO,122.0,56108.0,6165723.0,0.0,0.0,0.0
6856,鑫傳,TWO,56.8,11000.0,609800.0,0.0,0.0,0.0
6859,伯特光,TWO,109.5,68621.0,7435695.0,0.0,0.0,0.0
6865,偉康科技,TWO,41.6,27905.0,1159475.0,0.0,0.0,0.0
6870,騰雲,TWO,198.0,90011.0,17508642.0,0.0,0.0,0.0
6872,浩宇生醫,TWO,19.7,40092.0,773716.0,0.0,0.0,0.0
6874,倍力,TWO,67.3,46600.0,3157078.0,0.0,0.0,0.0
6875,國邑*,TWO,41.8,122403.0,5101665.0,0.0,0.0,0.0
6877,鏵友益,TWO,81.5,162788.0,13254377.0,0.0,0.0,0.0
6881,潤德,TWO,227.0,1319.0,299952.0,0.0,0.0,0.0
6884,海柏特,TWO,36.05,21000.0,757050.0,0.0,0.0,0.0
6894,衛司特,TWO,235.5,141371.0,33649191.0,0.0,0.0,0.0
6895,宏碩系統,TWO,169.0,65426.0,11114672.0,0.0,0.0,0.0
6899,創為精密,TWO,51.5,9063.0,467167.0,0.0,0.0,0.0
6903,巨漢,TWO,276.0,2969575.0,821322639.0,0.0,0.0,0.0
6904,伯鑫,TWO,125.0,8000.0,1002000.0,0.0,0.0,0.0
6907,雅特力-KY,TWO,58.7,1449436.0,84609086.0,0.0,0.0,0.0
6910,德鴻,TWO,33.9,43885.0,1488197.0,0.0,0.0,0.0
6913,鴻呈,TWO,116.5,117877.0,13731669.0,0.0,0.0,0.0
6922,宸曜,TWO,164.0,101602.0,16533642.0,0.0,0.0,0.0
6925,意藍,TWO,81.4,109407.0,8701281.0,0.0,0.0,0.0
6929,佑全,TWO,32.35,6067.0,194254.0,0.0,0.0,0.0
6953,家碩,TWO,220.5,40287.0,8875638.0,0.0,0.0,0.0
6961,旅天下,TWO,57.0,87775.0,4987337.0,0.0,0.0,0.0
6967,汎瑋材料,TWO,66.5,98561.0,6553685.0,0.0,0.0,0.0
6968,萬達寵物,TWO,49.3,28215.0,1389466.0,0.0,0.0,0.0
6971,惠民實業,TWO,29.9,54280.0,1615870.0,0.0,0.0,0.0
6982,大井泵浦,TWO,59.4,43452.0,2586445.0,0.0,0.0,0.0
6996,力領科技,TWO,164.0,64857.0,10648466.0,0.0,0.0,0.0
6997,博弘,TWO,87.2,1008.0,87897.0,0.0,0.0,0.0
7402,邑錡,TWO,122.0,664395.0,81123121.0,0.0,0.0,0.0
7547,碩網,TWO,55.5,25486.0,1423880.0,0.0,0.0,0.0
7556,意德士,TWO,168.5,28063.0,4699904.0,0.0,0.0,0.0
7584,樂意,TWO,38.7,13160.0,499375.0,0.0,0.0,0.0
7642,昶瑞機電,TWO,79.5,22787.0,1789510.0,0.0,0.0,0.0
7703,銳澤,TWO,201.0,38289.0,7591259.0,0.0,0.0,0.0
7704,明遠精密,TWO,46.5,38544.0,1747166.0,0.0,0.0,0.0
7708,全家餐飲,TWO,92.7,51957.0,4832746.0,0.0,0.0,0.0
7709,榮田,TWO,59.1,346555.0,20771402.0,0.0,0.0,0.0
7712,博盛半導體,TWO,86.0,189650.0,16498034.0,0.0,0.0,0.0
7713,威力德生醫,TWO,71.0,12400.0,870051.0,0.0,0.0,0.0
7714,創泓科技,TWO,140.0,120348.0,16943292.0,0.0,0.0,0.0
7715,裕山,TWO,30.15,73441.0,2215406.0,0.0,0.0,0.0
7716,昱臺國際,TWO,25.5,8000.0,204200.0,0.0,0.0,0.0
7717,萊德光電-KY,TWO,631.0,211793.0,129113343.0,0.0,0.0,0.0
7718,友鋮,TWO,44.2,18050.0,803362.0,0.0,0.0,0.0
7723,築間,TWO,32.55,65178.0,2131037.0,0.0,0.0,0.0
7728,光焱科技,TWO,778.0,38327.0,29751509.0,0.0,0.0,0.0
7734,印能科技,TWO,1570.0,755385.0,1186681745.0,0.0,0.0,0.0
7738,東聯互動,TWO,167.0,130281.0,21936756.0,0.0,0.0,0.0
7743,金利食安,TWO,20.3,23001.0,467520.0,0.0,0.0,0.0
7744,崴寶,TWO,368.0,310226.0,116599705.0,0.0,0.0,0.0
7747,昕奇雲端,TWO,119.0,16585.0,1968327.0,0.0,0.0,0.0
7751,竑騰,TWO,958.0,1594455.0,1542040551.0,0.0,0.0,0.0
7753,星亞,TWO,43.8,28315.0,1209578.0,0.0,0.0,0.0
7757,金色三麥,TWO,108.5,149555.0,15887602.0,0.0,0.0,0.0
7767,仁大資訊,TWO,46.15,15336.0,709009.0,0.0,0.0,0.0
7770,君曜,TWO,50.5,45344.0,2284930.0,0.0,0.0,0.0
7777,能率亞洲,TWO,34.75,807246.0,27911007.0,0.0,0.0,0.0
7782,光速火箭,TWO,27.5,20405.0,563228.0,0.0,0.0,0.0
7792,安葆,TWO,336.0,888323.0,291491715.0,0.0,0.0,0.0
7805,威聯通,TWO,668.0,400803.0,261658736.0,0.0,0.0,0.0
7810,捷創科技,TWO,188.0,270901.0,51367639.0,0.0,0.0,0.0
8024,佑華,TWO,13.0,28504.0,368447.0,0.0,0.0,0.0
8027,鈦昇,TWO,89.1,2913359.0,261545077.0,0.0,0.0,0.0
8032,光菱,TWO,37.35,169508.0,6257073.0,0.0,0.0,0.0
8034,榮群,TWO,23.6,574160.0,13610727.0,0.0,0.0,0.0
8038,長園科,TWO,43.05,904838.0,39003865.0,0.0,0.0,0.0
8040,九暘,TWO,47.05,198515.0,9247783.0,0.0,0.0,0.0
8042,金山電,TWO,56.0,1500980.0,83160491.0,0.0,0.0,0.0
8043,蜜望實,TWO,69.0,1430510.0,98227831.0,0.0,0.0,0.0
8044,網家,TWO,27.9,522677.0,14572038.0,0.0,0.0,0.0
8047,星雲,TWO,46.9,57289.0,2644258.0,0.0,0.0,0.0
8048,德勝,TWO,55.9,490673.0,27508633.0,0.0,0.0,0.0
8049,晶采,TWO,26.5,102590.0,2703607.0,0.0,0.0,0.0
8050,廣積,TWO,41.55,355231.0,14803766.0,0.0,0.0,0.0
8054,安國,TWO,120.5,3220378.0,393336065.0,0.0,0.0,0.0
8059,凱碩,TWO,18.85,564145.0,10661844.0,0.0,0.0,0.0
8064,東捷,TWO,45.7,2513377.0,116160239.0,0.0,0.0,0.0
8066,來思達,TWO,20.1,53158.0,1064441.0,0.0,0.0,0.0
8067,志旭,TWO,15.55,2000.0,31100.0,0.0,0.0,0.0
8068,全達,TWO,23.4,529796.0,12568685.0,0.0,0.0,0.0
8069,元太,TWO,189.5,9093715.0,1719001298.0,0.0,0.0,0.0
8071,能率網通,TWO,17.25,189045.0,3247787.0,0.0,0.0,0.0
8074,鉅橡,TWO,61.2,4385889.0,270037179.0,0.0,0.0,0.0
8076,伍豐,TWO,22.75,389173.0,8858167.0,0.0,0.0,0.0
8077,洛碁,TWO,45.5,6000.0,270000.0,0.0,0.0,0.0
8080,泰霖,TWO,30.75,82931.0,2506032.0,0.0,0.0,0.0
8083,瑞穎,TWO,176.0,55875.0,9807738.0,0.0,0.0,0.0
8084,巨虹,TWO,53.1,107191.0,5639163.0,0.0,0.0,0.0
8085,福華,TWO,17.35,405119.0,7053751.0,0.0,0.0,0.0
8086,宏捷科,TWO,111.0,3282701.0,369251326.0,0.0,0.0,0.0
8087,麗升能源,TWO,27.8,61395.0,1706777.0,0.0,0.0,0.0
8088,品安,TWO,50.0,4034657.0,204472990.0,0.0,0.0,0.0
8089,康全電訊,TWO,25.75,268565.0,6903897.0,0.0,0.0,0.0
8091,翔名,TWO,132.5,172824.0,22879284.0,0.0,0.0,0.0
8092,建暐,TWO,14.15,69082.0,980315.0,0.0,0.0,0.0
8093,保銳,TWO,19.25,21422.0,402038.0,0.0,0.0,0.0
8096,擎亞,TWO,64.7,1878854.0,120215679.0,0.0,0.0,0.0
8097,常珵,TWO,56.2,146322.0,8191204.0,0.0,0.0,0.0
8099,大世科,TWO,70.1,1299159.0,87245389.0,0.0,0.0,0.0
8102,傑霖科技,TWO,54.1,33614.0,1827407.0,0.0,0.0,0.0
8107,大億金茂,TWO,14.7,94966.0,1400802.0,0.0,0.0,0.0
8109,博大,TWO,106.5,237677.0,25346553.0,0.0,0.0,0.0
8111,立碁,TWO,65.2,2816902.0,184296675.0,0.0,0.0,0.0
8121,越峰,TWO,26.2,421606.0,11072546.0,0.0,0.0,0.0
8147,正淩,TWO,129.0,858881.0,110447358.0,0.0,0.0,0.0
8155,博智,TWO,208.0,1077827.0,226117697.0,0.0,0.0,0.0
8171,天宇,TWO,27.5,113508.0,3118233.0,0.0,0.0,0.0
8176,智捷,TWO,10.8,162041.0,1750631.0,0.0,0.0,0.0
8182,加高,TWO,26.75,63527.0,1710400.0,0.0,0.0,0.0
8183,精星,TWO,32.7,198625.0,6466807.0,0.0,0.0,0.0
8227,巨有科技,TWO,136.5,245604.0,33711395.0,0.0,0.0,0.0
8234,新漢,TWO,69.6,788672.0,54631444.0,0.0,0.0,0.0
8240,華宏,TWO,39.0,224809.0,8761660.0,0.0,0.0,0.0
8255,朋程,TWO,124.0,299045.0,37040577.0,0.0,0.0,0.0
8272,全景軟體,TWO,77.3,11208.0,866376.0,0.0,0.0,0.0
8277,商丞,TWO,8.95,380627.0,3394000.0,0.0,0.0,0.0
8279,生展,TWO,121.0,41402.0,5021722.0,0.0,0.0,0.0
8284,三竹,TWO,63.0,10147.0,638650.0,0.0,0.0,0.0
8289,泰藝,TWO,27.2,720615.0,19433460.0,0.0,0.0,0.0
8299,群聯,TWO,1855.0,5917356.0,10985134160.0,0.0,0.0,0.0
8342,益張,TWO,87.9,20529.0,1806222.0,0.0,0.0,0.0
8349,恒耀,TWO,42.7,137771.0,5876645.0,0.0,0.0,0.0
8354,冠好,TWO,15.4,27667.0,426066.0,0.0,0.0,0.0
8358,金居,TWO,270.0,3042147.0,814788339.0,0.0,0.0,0.0
8383,千附,TWO,40.6,233056.0,9451679.0,0.0,0.0,0.0
8390,金益鼎,TWO,103.5,2690925.0,280872878.0,0.0,0.0,0.0
8401,白紗科,TWO,28.85,74582.0,2151809.0,0.0,0.0,0.0
8403,盛弘,TWO,23.35,122548.0,2862693.0,0.0,0.0,0.0
8409,商之器,TWO,20.7,7069.0,146085.0,0.0,0.0,0.0
8410,森田,TWO,37.6,5001.0,187687.0,0.0,0.0,0.0
8415,大國鋼,TWO,34.45,170761.0,5867589.0,0.0,0.0,0.0
8416,實威,TWO,176.5,11309.0,1998205.0,0.0,0.0,0.0
8421,旭源,TWO,13.35,172189.0,2232477.0,0.0,0.0,0.0
8423,保綠-KY,TWO,18.75,11548.0,214864.0,0.0,0.0,0.0
8424,惠普,TWO,73.1,6328.0,462818.0,0.0,0.0,0.0
8426,紅木-KY,TWO,27.45,29000.0,794150.0,0.0,0.0,0.0
8431,匯鑽科,TWO,59.9,899476.0,54503937.0,0.0,0.0,0.0
8432,東生華,TWO,56.0,30114.0,1687065.0,0.0,0.0,0.0
8433,弘帆,TWO,54.9,5200.0,282603.0,0.0,0.0,0.0
8435,鉅邁,TWO,55.3,27761.0,1534032.0,0.0,0.0,0.0
8436,大江,TWO,137.5,763641.0,105352055.0,0.0,0.0,0.0
8437,大地-KY,TWO,15.65,69566.0,1081501.0,0.0,0.0,0.0
8440,綠電,TWO,25.1,139855.0,3463974.0,0.0,0.0,0.0
8444,綠河-KY,TWO,9.9,50203.0,500342.0,0.0,0.0,0.0
8446,華研,TWO,94.3,35559.0,3351076.0,0.0,0.0,0.0
8450,霹靂,TWO,17.0,46819.0,793455.0,0.0,0.0,0.0
8455,大拓-KY,TWO,0.0,0.0,0.0,0.0,0.0,0.0
8472,夠麻吉,TWO,60.8,57217.0,3315957.0,0.0,0.0,0.0
8477,創業家,TWO,12.5,44216.0,546236.0,0.0,0.0,0.0
8489,三貝德,TWO,37.0,66509.0,2458496.0,0.0,0.0,0.0
8905,裕國,TWO,39.35,441697.0,17366170.0,0.0,0.0,0.0
8906,花王,TWO,34.95,42237.0,1438560.0,0.0,0.0,0.0
8908,欣雄,TWO,41.8,96586.0,4047397.0,0.0,0.0,0.0
8916,光隆,TWO,48.05,121836.0,5831694.0,0.0,0.0,0.0
8917,欣泰,TWO,56.6,2363.0,135548.0,0.0,0.0,0.0
8921,沈氏,TWO,18.15,3000.0,54600.0,0.0,0.0,0.0
8923,時報,TWO,0.0,1.0,20.0,0.0,0.0,0.0
8924,大田,TWO,70.2,112113.0,7877997.0,0.0,0.0,0.0
8927,北基,TWO,24.0,630124.0,15172787.0,0.0,0.0,0.0
8928,鉅明,TWO,25.35,19540.0,494947.0,0.0,0.0,0.0
8929,富堡,TWO,16.45,29963.0,492479.0,0.0,0.0,0.0
8930,青鋼,TWO,31.25,71441.0,2231048.0,0.0,0.0,0.0
8931,大汽電,TWO,45.65,86451.0,3895424.0,0.0,0.0,0.0
8932,智通*,TWO,186.0,837518.0,157652690.0,0.0,0.0,0.0
8933,愛地雅,TWO,6.88,787155.0,5324344.0,0.0,0.0,0.0
8935,邦泰,TWO,21.25,1290796.0,27465778.0,0.0,0.0,0.0
8936,國統,TWO,50.9,1075868.0,54672290.0,0.0,0.0,0.0
8937,合騏,TWO,145.5,221312.0,31704318.0,0.0,0.0,0.0
8938,明安,TWO,67.7,547450.0,36665003.0,0.0,0.0,0.0
8941,關中,TWO,46.4,3109.0,144257.0,0.0,0.0,0.0
8942,森鉅,TWO,37.3,214624.0,7993128.0,0.0,0.0,0.0
9949,琉園,TWO,26.4,72811.0,1906978.0,0.0,0.0,0.0
9950,萬國通,TWO,10.55,90040.0,955425.0,0.0,0.0,0.0
9951,皇田,TWO,55.6,110304.0,6109229.0,0.0,0.0,0.0
9960,邁達康,TWO,23.0,6013.0,136886.0,0.0,0.0,0.0
9962,有益,TWO,11.6,27881.0,321384.0,0.0,0.0,0.0
