code,name,market,close,volume,trade_value,turnover,short_used_ratio,margin_used_ratio,tv_rank_mkt,tv_pct_mkt,light_full,light_decision,light_top20
1101,台泥,TWSE,25.5,14195611.0,360311209.0,0.0,0.0,0.0,175.0,0.8376865671641791,0.5,0,0
1102,亞泥,TWSE,35.4,4398326.0,155898538.0,0.0,0.0,0.0,242.0,0.7751865671641791,0.5,0,0
1103,嘉泥,TWSE,13.95,286903.0,3979682.0,0.0,0.0,0.0,798.0,0.25652985074626866,0.0,0,0
1104,環泥,TWSE,29.45,452672.0,13341921.0,0.0,0.0,0.0,606.0,0.435634328358209,0.0,0,0
1108,幸福,TWSE,15.15,159601.0,2407590.0,0.0,0.0,0.0,876.0,0.1837686567164179,0.0,0,0
1109,信大,TWSE,15.35,82939.0,1277480.0,0.0,0.0,0.0,947.0,0.11753731343283583,0.0,0,0
1110,東泥,TWSE,16.45,251170.0,4122215.0,0.0,0.0,0.0,792.0,0.2621268656716418,0.0,0,0
1201,味全,TWSE,14.5,413847.0,5982007.0,0.0,0.0,0.0,725.0,0.3246268656716418,0.0,0,0
1203,味王,TWSE,39.5,50835.0,2031161.0,0.0,0.0,0.0,895.0,0.166044776119403,0.0,0,0
1210,大成,TWSE,50.9,1568194.0,79571525.0,0.0,0.0,0.0,327.0,0.6958955223880597,0.0,0,0
1213,大飲,TWSE,10.15,17400.0,177379.0,0.0,0.0,0.0,1059.0,0.013059701492537313,0.0,0,0
1215,卜蜂,TWSE,149.0,494303.0,73743110.0,0.0,0.0,0.0,333.0,0.6902985074626866,0.0,0,0
1216,統一,TWSE,73.0,7809796.0,570061834.0,0.0,0.0,0.0,136.0,0.8740671641791045,0.5,0,0
1217,愛之味,TWSE,10.55,345019.0,3627397.0,0.0,0.0,0.0,813.0,0.24253731343283583,0.0,0,0
1218,泰山,TWSE,18.05,503938.0,9088808.0,0.0,0.0,0.0,655.0,0.38992537313432835,0.0,0,0
1219,福壽,TWSE,13.6,157539.0,2129782.0,0.0,0.0,0.0,892.0,0.16884328358208955,0.0,0,0
1220,台榮,TWSE,12.9,82619.0,1060624.0,0.0,0.0,0.0,969.0,0.09701492537313433,0.0,0,0
1225,福懋油,TWSE,28.7,192753.0,5542417.0,0.0,0.0,0.0,741.0,0.30970149253731344,0.0,0,0
1227,佳格,TWSE,29.0,467876.0,13532419.0,0.0,0.0,0.0,599.0,0.44216417910447764,0.0,0,0
1229,聯華,TWSE,45.2,2205438.0,98998131.0,0.0,0.0,0.0,296.0,0.7248134328358209,0.5,0,0
1231,聯華食,TWSE,92.8,427322.0,39460685.0,0.0,0.0,0.0,434.0,0.5960820895522388,0.0,0,0
1232,大統益,TWSE,148.0,169080.0,24942818.0,0.0,0.0,0.0,502.0,0.5326492537313433,0.0,0,0
1233,天仁,TWSE,32.25,19007.0,611926.0,0.0,0.0,0.0,1019.0,0.05037313432835821,0.0,0,0
1234,黑松,TWSE,36.9,91875.0,3394193.0,0.0,0.0,0.0,823.0,0.2332089552238806,0.0,0,0
1235,興泰,TWSE,41.2,24595.0,1015635.0,0.0,0.0,0.0,971.0,0.09514925373134328,0.0,0,0
1236,宏亞,TWSE,26.25,63900.0,1680546.0,0.0,0.0,0.0,910.0,0.15205223880597016,0.0,0,0
1256,鮮活果汁-KY,TWSE,155.0,74276.0,11508788.0,0.0,0.0,0.0,625.0,0.417910447761194,0.0,0,0
1301,台塑,TWSE,45.4,22830688.0,1041085859.0,0.0,0.0,0.0,93.0,0.914179104477612,1.0,0,0
1303,南亞,TWSE,72.8,102997493.0,7688186164.0,0.0,0.0,0.0,19.0,0.9832089552238806,1.0,0,1
1304,台聚,TWSE,11.4,4031523.0,45719485.0,0.0,0.0,0.0,410.0,0.6184701492537313,0.0,0,0
1305,華夏,TWSE,11.7,1533834.0,17998698.0,0.0,0.0,0.0,556.0,0.4822761194029851,0.0,0,0
1307,三芳,TWSE,30.6,898779.0,27277285.0,0.0,0.0,0.0,488.0,0.5457089552238806,0.0,0,0
1308,亞聚,TWSE,13.3,1242678.0,16569910.0,0.0,0.0,0.0,567.0,0.47201492537313433,0.0,0,0
1309,台達化,TWSE,11.85,1198258.0,14227679.0,0.0,0.0,0.0,592.0,0.44869402985074625,0.0,0,0
1310,台苯,TWSE,9.02,2517160.0,22506042.0,0.0,0.0,0.0,518.0,0.5177238805970149,0.0,0,0
1312,國喬,TWSE,12.6,4410963.0,55921458.0,0.0,0.0,0.0,372.0,0.6539179104477612,0.0,0,0
1313,聯成,TWSE,10.4,2874580.0,29769809.0,0.0,0.0,0.0,472.0,0.5606343283582089,0.0,0,0
1314,中石化,TWSE,7.87,11204775.0,88434722.0,0.0,0.0,0.0,310.0,0.7117537313432836,0.5,0,0
1315,達新,TWSE,64.4,10006.0,643458.0,0.0,0.0,0.0,1013.0,0.055970149253731345,0.0,0,0
1316,上曜,TWSE,13.6,1758372.0,23686570.0,0.0,0.0,0.0,512.0,0.523320895522388,0.0,0,0
1319,東陽,TWSE,104.5,2626459.0,270667253.0,0.0,0.0,0.0,198.0,0.816231343283582,0.5,0,0
1321,大洋,TWSE,32.95,216042.0,7065119.0,0.0,0.0,0.0,700.0,0.34794776119402987,0.0,0,0
1323,永裕,TWSE,18.55,31620.0,589235.0,0.0,0.0,0.0,1024.0,0.0457089552238806,0.0,0,0
1324,地球,TWSE,10.5,32360.0,338612.0,0.0,0.0,0.0,1045.0,0.026119402985074626,0.0,0,0
1325,恆大,TWSE,29.65,301030.0,8941317.0,0.0,0.0,0.0,660.0,0.38526119402985076,0.0,0,0
1326,台化,TWSE,40.75,66071599.0,2725126137.0,0.0,0.0,0.0,44.0,0.9598880597014925,1.0,0,0
1337,再生-KY,TWSE,5.27,253392.0,1340053.0,0.0,0.0,0.0,939.0,0.125,0.0,0,0
1338,廣華-KY,TWSE,19.3,57637.0,1110600.0,0.0,0.0,0.0,962.0,0.10354477611940298,0.0,0,0
1339,昭輝,TWSE,43.7,51819.0,2251045.0,0.0,0.0,0.0,887.0,0.17350746268656717,0.0,0,0
1340,勝悅-KY,TWSE,6.75,158066.0,1080928.0,0.0,0.0,0.0,966.0,0.09981343283582089,0.0,0,0
1341,富林-KY,TWSE,59.8,15303.0,914394.0,0.0,0.0,0.0,977.0,0.08955223880597014,0.0,0,0
1342,八貫,TWSE,102.5,1125453.0,116747370.0,0.0,0.0,0.0,273.0,0.746268656716418,0.5,0,0
1402,遠東新,TWSE,28.0,6139198.0,172379206.0,0.0,0.0,0.0,232.0,0.7845149253731343,0.5,0,0
1409,新纖,TWSE,15.15,1831454.0,27666368.0,0.0,0.0,0.0,485.0,0.5485074626865671,0.0,0,0
1410,南染,TWSE,33.7,40476.0,1351182.0,0.0,0.0,0.0,936.0,0.12779850746268656,0.0,0,0
1413,宏洲,TWSE,10.05,13095.0,129142.0,0.0,0.0,0.0,1065.0,0.007462686567164179,0.0,0,0
1414,東和,TWSE,19.8,320791.0,6295084.0,0.0,0.0,0.0,720.0,0.3292910447761194,0.0,0,0
1416,廣豐,TWSE,11.65,50563.0,591231.0,0.0,0.0,0.0,1022.0,0.04757462686567164,0.0,0,0
1417,嘉裕,TWSE,8.79,81510.0,715457.0,0.0,0.0,0.0,1003.0,0.06529850746268656,0.0,0,0
1418,東華,TWSE,19.6,27042.0,526382.0,0.0,0.0,0.0,1029.0,0.041044776119402986,0.0,0,0
1419,新紡,TWSE,70.1,130988.0,9070023.0,0.0,0.0,0.0,656.0,0.38899253731343286,0.0,0,0
1423,利華,TWSE,38.15,24859.0,945125.0,0.0,0.0,0.0,974.0,0.09235074626865672,0.0,0,0
1432,大魯閣,TWSE,19.15,312606.0,5990367.0,0.0,0.0,0.0,724.0,0.3255597014925373,0.0,0,0
1434,福懋,TWSE,17.5,2845765.0,49782943.0,0.0,0.0,0.0,392.0,0.6352611940298507,0.0,0,0
1435,中福,TWSE,21.55,9052.0,194735.0,0.0,0.0,0.0,1057.0,0.014925373134328358,0.0,0,0
1436,華友聯,TWSE,56.8,411647.0,22970093.0,0.0,0.0,0.0,516.0,0.519589552238806,0.0,0,0
1437,勤益控,TWSE,32.2,114705.0,3677360.0,0.0,0.0,0.0,810.0,0.2453358208955224,0.0,0,0
1438,三地開發,TWSE,31.0,22218.0,689558.0,0.0,0.0,0.0,1006.0,0.0625,0.0,0,0
1439,雋揚,TWSE,29.75,12047.0,357516.0,0.0,0.0,0.0,1044.0,0.027052238805970148,0.0,0,0
1440,南紡,TWSE,13.25,1125672.0,14948464.0,0.0,0.0,0.0,587.0,0.4533582089552239,0.0,0,0
1441,大東,TWSE,10.0,16791.0,168034.0,0.0,0.0,0.0,1062.0,0.010261194029850746,0.0,0,0
1442,名軒,TWSE,30.1,374977.0,11252475.0,0.0,0.0,0.0,627.0,0.416044776119403,0.0,0,0
1443,立益物流,TWSE,26.6,57671.0,1519648.0,0.0,0.0,0.0,921.0,0.1417910447761194,0.0,0,0
1444,力麗,TWSE,6.25,372127.0,2320660.0,0.0,0.0,0.0,881.0,0.1791044776119403,0.0,0,0
1445,大宇,TWSE,15.15,36269.0,550947.0,0.0,0.0,0.0,1027.0,0.04291044776119403,0.0,0,0
1446,宏和,TWSE,16.45,137298.0,2255831.0,0.0,0.0,0.0,886.0,0.17444029850746268,0.0,0,0
1447,力鵬,TWSE,5.37,586984.0,3157478.0,0.0,0.0,0.0,835.0,0.22201492537313433,0.0,0,0
1449,佳和,TWSE,10.8,752562.0,8172301.0,0.0,0.0,0.0,677.0,0.3694029850746269,0.0,0,0
1451,年興,TWSE,17.55,132337.0,2321788.0,0.0,0.0,0.0,880.0,0.18003731343283583,0.0,0,0
1452,宏益,TWSE,11.7,49465.0,575578.0,0.0,0.0,0.0,1025.0,0.04477611940298507,0.0,0,0
1453,大將,TWSE,13.4,249307.0,3342377.0,0.0,0.0,0.0,824.0,0.23227611940298507,0.0,0,0
1454,台富,TWSE,14.65,306719.0,4427213.0,0.0,0.0,0.0,775.0,0.27798507462686567,0.0,0,0
1455,集盛,TWSE,8.48,684176.0,5762538.0,0.0,0.0,0.0,733.0,0.31716417910447764,0.0,0,0
1456,怡華,TWSE,13.1,34020.0,441960.0,0.0,0.0,0.0,1036.0,0.03451492537313433,0.0,0,0
1457,宜進,TWSE,15.0,48935.0,737643.0,0.0,0.0,0.0,999.0,0.06902985074626866,0.0,0,0
1459,聯發,TWSE,11.75,61619.0,724238.0,0.0,0.0,0.0,1001.0,0.06716417910447761,0.0,0,0
1460,宏遠,TWSE,6.78,408841.0,2766923.0,0.0,0.0,0.0,853.0,0.20522388059701493,0.0,0,0
1463,強盛新,TWSE,18.05,28586.0,514431.0,0.0,0.0,0.0,1031.0,0.03917910447761194,0.0,0,0
1464,得力,TWSE,11.05,406810.0,4503655.0,0.0,0.0,0.0,772.0,0.28078358208955223,0.0,0,0
1465,偉全,TWSE,12.35,53475.0,658336.0,0.0,0.0,0.0,1012.0,0.05690298507462686,0.0,0,0
1466,聚隆,TWSE,17.7,2832257.0,49239088.0,0.0,0.0,0.0,398.0,0.6296641791044776,0.0,0,0
1467,南緯,TWSE,7.33,151325.0,1106393.0,0.0,0.0,0.0,963.0,0.10261194029850747,0.0,0,0
1468,昶和,TWSE,12.9,39000.0,499250.0,0.0,0.0,0.0,1032.0,0.03824626865671642,0.0,0,0
1470,大統新創,TWSE,22.6,4247.0,96358.0,0.0,0.0,0.0,1068.0,0.0046641791044776115,0.0,0,0
1471,首利,TWSE,12.0,530932.0,6394286.0,0.0,0.0,0.0,716.0,0.33302238805970147,0.0,0,0
1472,三洋實業,TWSE,90.6,4316.0,392153.0,0.0,0.0,0.0,1042.0,0.028917910447761194,0.0,0,0
1473,台南,TWSE,24.85,362915.0,9117951.0,0.0,0.0,0.0,654.0,0.3908582089552239,0.0,0,0
1474,弘裕,TWSE,10.1,131899.0,1328188.0,0.0,0.0,0.0,941.0,0.12313432835820895,0.0,0,0
1475,業旺,TWSE,30.85,16051.0,490559.0,0.0,0.0,0.0,1033.0,0.03731343283582089,0.0,0,0
1476,儒鴻,TWSE,429.0,980998.0,420410226.0,0.0,0.0,0.0,163.0,0.8488805970149254,0.5,0,0
1477,聚陽,TWSE,313.0,785161.0,246844410.0,0.0,0.0,0.0,208.0,0.8069029850746269,0.5,0,0
1503,士電,TWSE,206.5,2694760.0,559981410.0,0.0,0.0,0.0,138.0,0.8722014925373134,0.5,0,0
1504,東元,TWSE,79.3,9845587.0,789663310.0,0.0,0.0,0.0,113.0,0.8955223880597015,0.5,0,0
1506,正道,TWSE,11.7,202025.0,2343035.0,0.0,0.0,0.0,879.0,0.18097014925373134,0.0,0,0
1512,瑞利,TWSE,8.1,142463.0,1143906.0,0.0,0.0,0.0,956.0,0.10914179104477612,0.0,0,0
1513,中興電,TWSE,163.0,5937909.0,976293871.0,0.0,0.0,0.0,100.0,0.9076492537313433,1.0,0,0
1514,亞力,TWSE,122.0,4737651.0,578250744.0,0.0,0.0,0.0,135.0,0.875,0.5,0,0
1515,力山,TWSE,26.0,193530.0,5026753.0,0.0,0.0,0.0,754.0,0.29757462686567165,0.0,0,0
1516,川飛,TWSE,22.15,41328.0,894492.0,0.0,0.0,0.0,981.0,0.08582089552238806,0.0,0,0
1517,利奇,TWSE,11.75,192062.0,2248905.0,0.0,0.0,0.0,888.0,0.17257462686567165,0.0,0,0
1519,華城,TWSE,966.0,3904381.0,3781495239.0,0.0,0.0,0.0,36.0,0.9673507462686567,1.0,0,0
1521,大億,TWSE,26.6,16145.0,427181.0,0.0,0.0,0.0,1039.0,0.03171641791044776,0.0,0,0
1522,堤維西,TWSE,47.75,569683.0,27107545.0,0.0,0.0,0.0,490.0,0.5438432835820896,0.0,0,0
1524,耿鼎,TWSE,31.1,707880.0,22062296.0,0.0,0.0,0.0,523.0,0.5130597014925373,0.0,0,0
1525,江申,TWSE,63.1,61063.0,3855822.0,0.0,0.0,0.0,805.0,0.25,0.0,0,0
1526,日馳,TWSE,20.1,130520.0,2632116.0,0.0,0.0,0.0,864.0,0.19496268656716417,0.0,0,0
1527,鑽全,TWSE,34.25,116535.0,3972304.0,0.0,0.0,0.0,799.0,0.2555970149253731,0.0,0,0
1528,恩德,TWSE,21.85,19311357.0,434818597.0,0.0,0.0,0.0,161.0,0.8507462686567164,0.5,0,0
1529,樂事綠能,TWSE,22.7,389253.0,8897698.0,0.0,0.0,0.0,663.0,0.3824626865671642,0.0,0,0
1530,亞崴,TWSE,28.85,13956.0,400354.0,0.0,0.0,0.0,1040.0,0.030783582089552237,0.0,0,0
1531,高林股,TWSE,12.4,182748.0,2244604.0,0.0,0.0,0.0,889.0,0.17164179104477612,0.0,0,0
1532,勤美,TWSE,24.25,288430.0,6972738.0,0.0,0.0,0.0,702.0,0.3460820895522388,0.0,0,0
1533,車王電,TWSE,30.75,56328.0,1726511.0,0.0,0.0,0.0,907.0,0.15485074626865672,0.0,0,0
1535,中宇,TWSE,45.0,456472.0,20840401.0,0.0,0.0,0.0,530.0,0.5065298507462687,0.0,0,0
1536,和大,TWSE,61.0,1653081.0,101837520.0,0.0,0.0,0.0,293.0,0.7276119402985075,0.5,0,0
1537,廣隆,TWSE,122.5,45323.0,5542131.0,0.0,0.0,0.0,742.0,0.3087686567164179,0.0,0,0
1538,正峰,TWSE,26.5,16562.0,436333.0,0.0,0.0,0.0,1038.0,0.03264925373134328,0.0,0,0
1539,巨庭,TWSE,17.95,49985.0,900395.0,0.0,0.0,0.0,978.0,0.08861940298507463,0.0,0,0
1540,喬福,TWSE,23.85,222806.0,5333083.0,0.0,0.0,0.0,747.0,0.3041044776119403,0.0,0,0
1541,錩泰,TWSE,24.75,120872.0,3024865.0,0.0,0.0,0.0,840.0,0.21735074626865672,0.0,0,0
1558,伸興,TWSE,95.6,16762.0,1602753.0,0.0,0.0,0.0,917.0,0.1455223880597015,0.0,0,0
1560,中砂,TWSE,415.5,1216254.0,505769875.0,0.0,0.0,0.0,148.0,0.8628731343283582,0.5,0,0
1563,巧新,TWSE,46.7,575518.0,26721227.0,0.0,0.0,0.0,494.0,0.5401119402985075,0.0,0,0
1568,倉佑,TWSE,23.15,67353.0,1557636.0,0.0,0.0,0.0,920.0,0.14272388059701493,0.0,0,0
1582,信錦,TWSE,68.0,814298.0,55576522.0,0.0,0.0,0.0,374.0,0.6520522388059702,0.0,0,0
1583,程泰,TWSE,48.0,34236.0,1630423.0,0.0,0.0,0.0,914.0,0.14832089552238806,0.0,0,0
1587,吉茂,TWSE,45.6,375652.0,17035108.0,0.0,0.0,0.0,564.0,0.4748134328358209,0.0,0,0
1589,永冠-KY,TWSE,16.15,748514.0,12050082.0,0.0,0.0,0.0,621.0,0.4216417910447761,0.0,0,0
1590,亞德客-KY,TWSE,1230.0,831286.0,1012052325.0,0.0,0.0,0.0,94.0,0.9132462686567164,1.0,0,0
1597,直得,TWSE,78.6,312417.0,24814078.0,0.0,0.0,0.0,503.0,0.5317164179104478,0.0,0,0
1598,岱宇,TWSE,20.05,136457.0,2737144.0,0.0,0.0,0.0,856.0,0.20242537313432835,0.0,0,0
1603,華電,TWSE,37.95,326388.0,12394596.0,0.0,0.0,0.0,615.0,0.42723880597014924,0.0,0,0
1604,聲寶,TWSE,23.85,197665.0,4693760.0,0.0,0.0,0.0,768.0,0.28451492537313433,0.0,0,0
1605,華新,TWSE,34.55,46210911.0,1617522273.0,0.0,0.0,0.0,61.0,0.9440298507462687,1.0,0,0
1608,華榮,TWSE,34.0,5099384.0,173168759.0,0.0,0.0,0.0,231.0,0.7854477611940298,0.5,0,0
1609,大亞,TWSE,38.05,2697262.0,102568794.0,0.0,0.0,0.0,290.0,0.730410447761194,0.5,0,0
1611,中電,TWSE,13.05,227571.0,2974429.0,0.0,0.0,0.0,842.0,0.21548507462686567,0.0,0,0
1612,宏泰,TWSE,35.65,797860.0,28622487.0,0.0,0.0,0.0,480.0,0.5531716417910447,0.0,0,0
1614,三洋電,TWSE,33.8,20000.0,673450.0,0.0,0.0,0.0,1009.0,0.05970149253731343,0.0,0,0
1615,大山,TWSE,47.65,99482.0,4731747.0,0.0,0.0,0.0,765.0,0.2873134328358209,0.0,0,0
1616,億泰,TWSE,28.25,863309.0,24591910.0,0.0,0.0,0.0,505.0,0.5298507462686567,0.0,0,0
1617,榮星,TWSE,16.2,160942.0,2608355.0,0.0,0.0,0.0,867.0,0.1921641791044776,0.0,0,0
1618,合機,TWSE,45.65,3500954.0,160992237.0,0.0,0.0,0.0,238.0,0.7789179104477612,0.5,0,0
1623,大東電,TWSE,209.0,442586.0,92139058.0,0.0,0.0,0.0,304.0,0.7173507462686567,0.5,0,0
1626,艾美特-KY,TWSE,10.7,110330.0,1174001.0,0.0,0.0,0.0,954.0,0.11100746268656717,0.0,0,0
1702,南僑,TWSE,37.35,403347.0,15031985.0,0.0,0.0,0.0,585.0,0.4552238805970149,0.0,0,0
1707,葡萄王,TWSE,122.5,128574.0,15697697.0,0.0,0.0,0.0,574.0,0.46548507462686567,0.0,0,0
1708,東鹼,TWSE,35.0,1885325.0,66426822.0,0.0,0.0,0.0,347.0,0.6772388059701493,0.0,0,0
1709,和益,TWSE,16.65,315458.0,5263031.0,0.0,0.0,0.0,750.0,0.30130597014925375,0.0,0,0
1710,東聯,TWSE,12.55,2683859.0,33462376.0,0.0,0.0,0.0,462.0,0.5699626865671642,0.0,0,0
1711,永光,TWSE,22.95,17964037.0,418513585.0,0.0,0.0,0.0,165.0,0.8470149253731343,0.5,0,0
1712,興農,TWSE,46.25,292780.0,13457741.0,0.0,0.0,0.0,602.0,0.439365671641791,0.0,0,0
1713,國化,TWSE,47.5,153067.0,7220725.0,0.0,0.0,0.0,695.0,0.35261194029850745,0.0,0,0
1714,和桐,TWSE,9.09,1735362.0,15732654.0,0.0,0.0,0.0,573.0,0.4664179104477612,0.0,0,0
1717,長興,TWSE,55.4,9598029.0,532107513.0,0.0,0.0,0.0,141.0,0.8694029850746269,0.5,0,0
1718,中纖,TWSE,7.02,2807150.0,19648996.0,0.0,0.0,0.0,545.0,0.4925373134328358,0.0,0,0
1720,生達,TWSE,60.8,181043.0,11008009.0,0.0,0.0,0.0,630.0,0.41324626865671643,0.0,0,0
1721,三晃,TWSE,17.3,1592488.0,27087256.0,0.0,0.0,0.0,491.0,0.542910447761194,0.0,0,0
1722,台肥,TWSE,46.25,1230490.0,56744132.0,0.0,0.0,0.0,370.0,0.6557835820895522,0.0,0,0
1723,中碳,TWSE,71.4,647097.0,46266317.0,0.0,0.0,0.0,408.0,0.6203358208955224,0.0,0,0
1725,元禎,TWSE,27.2,28136.0,760378.0,0.0,0.0,0.0,993.0,0.07462686567164178,0.0,0,0
1726,永記,TWSE,76.2,11115.0,845036.0,0.0,0.0,0.0,986.0,0.08115671641791045,0.0,0,0
1727,中華化,TWSE,40.5,1441437.0,58888042.0,0.0,0.0,0.0,361.0,0.664179104477612,0.0,0,0
1730,花仙子,TWSE,53.1,45203.0,2400430.0,0.0,0.0,0.0,877.0,0.1828358208955224,0.0,0,0
1731,美吾華,TWSE,21.85,105603.0,2309914.0,0.0,0.0,0.0,883.0,0.17723880597014927,0.0,0,0
1732,毛寶,TWSE,27.5,166348.0,4586887.0,0.0,0.0,0.0,770.0,0.2826492537313433,0.0,0,0
1733,五鼎,TWSE,30.55,209003.0,6367811.0,0.0,0.0,0.0,718.0,0.33115671641791045,0.0,0,0
1734,杏輝,TWSE,30.65,219497.0,6704889.0,0.0,0.0,0.0,707.0,0.3414179104477612,0.0,0,0
1735,日勝化,TWSE,16.7,173669.0,2922364.0,0.0,0.0,0.0,845.0,0.2126865671641791,0.0,0,0
1736,喬山,TWSE,139.0,1043847.0,143456421.0,0.0,0.0,0.0,255.0,0.7630597014925373,0.5,0,0
1737,臺鹽,TWSE,31.45,124137.0,3905413.0,0.0,0.0,0.0,801.0,0.2537313432835821,0.0,0,0
1752,南光,TWSE,36.9,216558.0,8082118.0,0.0,0.0,0.0,679.0,0.3675373134328358,0.0,0,0
1760,寶齡富錦,TWSE,62.3,135269.0,8412794.0,0.0,0.0,0.0,673.0,0.373134328358209,0.0,0,0
1762,中化生,TWSE,25.75,46634.0,1195763.0,0.0,0.0,0.0,953.0,0.11194029850746269,0.0,0,0
1773,勝一,TWSE,143.5,1624581.0,234857415.0,0.0,0.0,0.0,215.0,0.8003731343283582,0.5,0,0
1776,展宇,TWSE,15.1,110842.0,1640975.0,0.0,0.0,0.0,913.0,0.14925373134328357,0.0,0,0
1783,和康生,TWSE,44.0,67583.0,2979757.0,0.0,0.0,0.0,841.0,0.21641791044776118,0.0,0,0
1786,科妍,TWSE,72.2,190072.0,13667893.0,0.0,0.0,0.0,598.0,0.4430970149253731,0.0,0,0
1789,神隆,TWSE,21.95,2643881.0,57751156.0,0.0,0.0,0.0,365.0,0.6604477611940298,0.0,0,0
1795,美時,TWSE,324.5,3588345.0,1172050133.0,0.0,0.0,0.0,85.0,0.9216417910447762,1.0,0,0
1802,台玻,TWSE,42.8,68247055.0,2992221953.0,0.0,0.0,0.0,41.0,0.9626865671641791,1.0,0,0
1805,寶徠,TWSE,11.85,16196.0,192054.0,0.0,0.0,0.0,1058.0,0.013992537313432836,0.0,0,0
1806,冠軍,TWSE,8.79,160304.0,1407692.0,0.0,0.0,0.0,932.0,0.13152985074626866,0.0,0,0
1808,潤隆,TWSE,31.5,625224.0,19691306.0,0.0,0.0,0.0,544.0,0.49347014925373134,0.0,0,0
1809,中釉,TWSE,23.2,1464605.0,33595682.0,0.0,0.0,0.0,461.0,0.5708955223880597,0.0,0,0
1810,和成,TWSE,18.35,410677.0,7514609.0,0.0,0.0,0.0,688.0,0.3591417910447761,0.0,0,0
1817,凱撒衛,TWSE,38.75,37813.0,1459006.0,0.0,0.0,0.0,926.0,0.13712686567164178,0.0,0,0
1903,士紙,TWSE,55.0,185612.0,10141276.0,0.0,0.0,0.0,637.0,0.40671641791044777,0.0,0,0
1904,正隆,TWSE,18.35,1972464.0,36076179.0,0.0,0.0,0.0,449.0,0.582089552238806,0.0,0,0
1905,華紙,TWSE,12.0,897034.0,10695897.0,0.0,0.0,0.0,632.0,0.41138059701492535,0.0,0,0
1906,寶隆,TWSE,11.65,25053.0,292530.0,0.0,0.0,0.0,1047.0,0.024253731343283583,0.0,0,0
1907,永豐餘,TWSE,26.0,1136275.0,29667990.0,0.0,0.0,0.0,473.0,0.5597014925373134,0.0,0,0
1909,榮成,TWSE,9.95,2026942.0,20211530.0,0.0,0.0,0.0,541.0,0.4962686567164179,0.0,0,0
2002,中鋼,TWSE,20.5,22843383.0,466809618.0,0.0,0.0,0.0,156.0,0.855410447761194,0.5,0,0
2006,東和鋼鐵,TWSE,71.5,958378.0,68724342.0,0.0,0.0,0.0,344.0,0.6800373134328358,0.0,0,0
2007,燁興,TWSE,8.17,190805.0,1563107.0,0.0,0.0,0.0,919.0,0.14365671641791045,0.0,0,0
2008,高興昌,TWSE,29.4,17651.0,519514.0,0.0,0.0,0.0,1030.0,0.04011194029850746,0.0,0,0
2009,第一銅,TWSE,43.95,2192693.0,96136653.0,0.0,0.0,0.0,299.0,0.7220149253731343,0.5,0,0
2010,春源,TWSE,22.1,1009936.0,22260348.0,0.0,0.0,0.0,520.0,0.5158582089552238,0.0,0,0
2012,春雨,TWSE,16.8,37300.0,631178.0,0.0,0.0,0.0,1014.0,0.05503731343283582,0.0,0,0
2013,中鋼構,TWSE,41.4,97648.0,4029555.0,0.0,0.0,0.0,795.0,0.2593283582089552,0.0,0,0
2014,中鴻,TWSE,18.1,5388132.0,97330710.0,0.0,0.0,0.0,297.0,0.7238805970149254,0.5,0,0
2015,豐興,TWSE,66.0,217043.0,14281020.0,0.0,0.0,0.0,591.0,0.4496268656716418,0.0,0,0
2017,官田鋼,TWSE,8.67,480407.0,4190983.0,0.0,0.0,0.0,787.0,0.2667910447761194,0.0,0,0
2020,美亞,TWSE,23.95,487390.0,11767435.0,0.0,0.0,0.0,624.0,0.41884328358208955,0.0,0,0
2022,聚亨,TWSE,8.57,321904.0,2751940.0,0.0,0.0,0.0,855.0,0.20335820895522388,0.0,0,0
2023,燁輝,TWSE,14.8,855519.0,12687807.0,0.0,0.0,0.0,614.0,0.4281716417910448,0.0,0,0
2024,志聯,TWSE,16.35,42026.0,687062.0,0.0,0.0,0.0,1007.0,0.061567164179104475,0.0,0,0
2025,千興,TWSE,12.15,157551.0,1900333.0,0.0,0.0,0.0,901.0,0.16044776119402984,0.0,0,0
2027,大成鋼,TWSE,37.0,11711713.0,436098490.0,0.0,0.0,0.0,160.0,0.851679104477612,0.5,0,0
2028,威致,TWSE,18.35,132690.0,2455363.0,0.0,0.0,0.0,875.0,0.18470149253731344,0.0,0,0
2029,盛餘,TWSE,21.45,57336.0,1227490.0,0.0,0.0,0.0,949.0,0.11567164179104478,0.0,0,0
2030,彰源,TWSE,16.4,399497.0,6543350.0,0.0,0.0,0.0,714.0,0.33488805970149255,0.0,0,0
2031,新光鋼,TWSE,39.6,393115.0,15496334.0,0.0,0.0,0.0,577.0,0.4626865671641791,0.0,0,0
2032,新鋼,TWSE,16.4,326379.0,5402613.0,0.0,0.0,0.0,745.0,0.30597014925373134,0.0,0,0
2033,佳大,TWSE,16.25,228215.0,3687621.0,0.0,0.0,0.0,809.0,0.2462686567164179,0.0,0,0
2034,允強,TWSE,21.0,981104.0,20566490.0,0.0,0.0,0.0,535.0,0.5018656716417911,0.0,0,0
2038,海光,TWSE,15.25,435393.0,6672847.0,0.0,0.0,0.0,708.0,0.34048507462686567,0.0,0,0
2049,上銀,TWSE,234.0,4886517.0,1157016214.0,0.0,0.0,0.0,86.0,0.9207089552238806,1.0,0,0
2059,川湖,TWSE,2935.0,717161.0,2105891485.0,0.0,0.0,0.0,53.0,0.9514925373134329,1.0,0,0
2062,橋椿,TWSE,21.6,114498.0,2476532.0,0.0,0.0,0.0,874.0,0.18563432835820895,0.0,0,0
2069,運錩,TWSE,18.55,219304.0,4064960.0,0.0,0.0,0.0,793.0,0.26119402985074625,0.0,0,0
2101,南港,TWSE,35.05,1222676.0,42400849.0,0.0,0.0,0.0,422.0,0.6072761194029851,0.0,0,0
2102,泰豐,TWSE,19.4,295133.0,5675891.0,0.0,0.0,0.0,736.0,0.314365671641791,0.0,0,0
2103,台橡,TWSE,16.2,3153243.0,50774778.0,0.0,0.0,0.0,387.0,0.6399253731343284,0.0,0,0
2104,國際中橡,TWSE,11.05,1662270.0,18265492.0,0.0,0.0,0.0,552.0,0.48600746268656714,0.0,0,0
2105,正新,TWSE,30.25,9066779.0,275129824.0,0.0,0.0,0.0,196.0,0.8180970149253731,0.5,0,0
2106,建大,TWSE,19.65,233212.0,4588945.0,0.0,0.0,0.0,769.0,0.2835820895522388,0.0,0,0
2107,厚生,TWSE,25.1,174238.0,4348260.0,0.0,0.0,0.0,777.0,0.27611940298507465,0.0,0,0
2108,南帝,TWSE,24.15,582462.0,14037663.0,0.0,0.0,0.0,593.0,0.44776119402985076,0.0,0,0
2109,華豐,TWSE,14.8,97539.0,1440633.0,0.0,0.0,0.0,929.0,0.13432835820895522,0.0,0,0
2114,鑫永銓,TWSE,89.4,30460.0,2725243.0,0.0,0.0,0.0,857.0,0.20149253731343283,0.0,0,0
2115,六暉-KY,TWSE,24.25,45325.0,1099307.0,0.0,0.0,0.0,964.0,0.10167910447761194,0.0,0,0
2201,裕隆,TWSE,30.75,3341759.0,102031070.0,0.0,0.0,0.0,292.0,0.7285447761194029,0.5,0,0
2204,中華,TWSE,56.9,755224.0,42780791.0,0.0,0.0,0.0,420.0,0.6091417910447762,0.0,0,0
2206,三陽工業,TWSE,60.2,697593.0,42123427.0,0.0,0.0,0.0,424.0,0.605410447761194,0.0,0,0
2207,和泰車,TWSE,533.0,191999.0,102301377.0,0.0,0.0,0.0,291.0,0.7294776119402985,0.5,0,0
2208,台船,TWSE,22.8,6462962.0,148174603.0,0.0,0.0,0.0,249.0,0.7686567164179104,0.5,0,0
2211,長榮鋼,TWSE,104.0,449522.0,46637068.0,0.0,0.0,0.0,406.0,0.6222014925373134,0.0,0,0
2227,裕日車,TWSE,52.8,49372.0,2593161.0,0.0,0.0,0.0,868.0,0.1912313432835821,0.0,0,0
2228,劍麟,TWSE,95.0,211818.0,20217714.0,0.0,0.0,0.0,540.0,0.49720149253731344,0.0,0,0
2231,為升,TWSE,90.2,179956.0,16273135.0,0.0,0.0,0.0,570.0,0.46921641791044777,0.0,0,0
2233,宇隆,TWSE,223.0,1081840.0,241807113.0,0.0,0.0,0.0,210.0,0.8050373134328358,0.5,0,0
2236,百達-KY,TWSE,113.0,592692.0,65901857.0,0.0,0.0,0.0,349.0,0.6753731343283582,0.0,0,0
2239,英利-KY,TWSE,27.7,103338.0,2806170.0,0.0,0.0,0.0,850.0,0.2080223880597015,0.0,0,0
2241,艾姆勒,TWSE,30.2,156231.0,4701276.0,0.0,0.0,0.0,767.0,0.28544776119402987,0.0,0,0
2243,宏旭-KY,TWSE,11.65,226032.0,2656974.0,0.0,0.0,0.0,861.0,0.19776119402985073,0.0,0,0
2247,汎德永業,TWSE,288.0,450760.0,128640085.0,0.0,0.0,0.0,265.0,0.753731343283582,0.5,0,0
2248,華勝-KY,TWSE,46.75,23434.0,1089092.0,0.0,0.0,0.0,965.0,0.10074626865671642,0.0,0,0
2250,IKKA-KY,TWSE,71.1,40857.0,2900879.0,0.0,0.0,0.0,847.0,0.21082089552238806,0.0,0,0
2254,巨鎧精密-創,TWSE,59.5,441000.0,25995800.0,0.0,0.0,0.0,498.0,0.5363805970149254,0.0,0,0
2258,鴻華先進-創,TWSE,39.1,702679.0,27115225.0,0.0,0.0,0.0,489.0,0.5447761194029851,0.0,0,0
2301,光寶科,TWSE,177.5,52348989.0,9318756105.0,0.0,0.0,0.0,15.0,0.9869402985074627,1.0,0,1
2302,麗正,TWSE,18.5,331403.0,6162523.0,0.0,0.0,0.0,722.0,0.32742537313432835,0.0,0,0
2303,聯電,TWSE,62.4,93271271.0,5828851289.0,0.0,0.0,0.0,27.0,0.9757462686567164,1.0,0,0
2305,全友,TWSE,12.65,330721.0,4172777.0,0.0,0.0,0.0,791.0,0.2630597014925373,0.0,0,0
2308,台達電,TWSE,1185.0,8355167.0,9923916222.0,0.0,0.0,0.0,14.0,0.9878731343283582,1.0,0,1
2312,金寶,TWSE,24.1,19188107.0,460944632.0,0.0,0.0,0.0,157.0,0.8544776119402985,0.5,0,0
2313,華通,TWSE,183.0,69088940.0,12340123533.0,0.0,0.0,0.0,11.0,0.9906716417910447,1.0,0,1
2314,台揚,TWSE,20.6,112385.0,2311007.0,0.0,0.0,0.0,882.0,0.17817164179104478,0.0,0,0
2316,楠梓電,TWSE,96.1,1962395.0,189937011.0,0.0,0.0,0.0,228.0,0.7882462686567164,0.5,0,0
2317,鴻海,TWSE,221.0,47159412.0,10395442089.0,0.0,0.0,0.0,13.0,0.9888059701492538,1.0,0,1
2321,東訊,TWSE,16.2,1499.0,24274.0,0.0,0.0,0.0,1071.0,0.0018656716417910447,0.0,0,0
2323,中環,TWSE,10.1,2608013.0,26448396.0,0.0,0.0,0.0,495.0,0.539179104477612,0.0,0,0
2324,仁寶,TWSE,30.6,20872543.0,640553871.0,0.0,0.0,0.0,124.0,0.8852611940298507,0.5,0,0
2327,國巨*,TWSE,254.0,17853719.0,4532245873.0,0.0,0.0,0.0,31.0,0.9720149253731343,1.0,0,0
2328,廣宇,TWSE,48.65,7224130.0,352504180.0,0.0,0.0,0.0,177.0,0.835820895522388,0.5,0,0
2329,華泰,TWSE,50.5,5449351.0,278341362.0,0.0,0.0,0.0,194.0,0.8199626865671642,0.5,0,0
2330,台積電,TWSE,1880.0,45674475.0,85190057142.0,0.0,0.0,0.0,1.0,1.0,1.0,0,1
2331,精英,TWSE,25.25,2137325.0,53921531.0,0.0,0.0,0.0,380.0,0.6464552238805971,0.0,0,0
2332,友訊,TWSE,15.2,1295278.0,19715652.0,0.0,0.0,0.0,543.0,0.4944029850746269,0.0,0,0
2337,旺宏,TWSE,89.6,272956845.0,25061399682.0,0.0,0.0,0.0,3.0,0.9981343283582089,1.0,0,1
2338,光罩,TWSE,33.95,2212157.0,75642808.0,0.0,0.0,0.0,331.0,0.6921641791044776,0.0,0,0
2340,台亞,TWSE,24.5,1331964.0,32775502.0,0.0,0.0,0.0,464.0,0.5680970149253731,0.0,0,0
2342,茂矽,TWSE,30.9,1511534.0,47163318.0,0.0,0.0,0.0,403.0,0.625,0.0,0,0
2344,華邦電,TWSE,103.5,199667829.0,21008050117.0,0.0,0.0,0.0,5.0,0.996268656716418,1.0,0,1
2345,智邦,TWSE,1390.0,9630459.0,13137197460.0,0.0,0.0,0.0,9.0,0.9925373134328358,1.0,0,1
2347,聯強,TWSE,68.0,7042507.0,476109269.0,0.0,0.0,0.0,155.0,0.8563432835820896,0.5,0,0
2348,海悅,TWSE,74.9,131093.0,9785362.0,0.0,0.0,0.0,644.0,0.4001865671641791,0.0,0,0
2349,錸德,TWSE,13.1,2587565.0,33836260.0,0.0,0.0,0.0,459.0,0.5727611940298507,0.0,0,0
2351,順德,TWSE,85.0,743084.0,63087284.0,0.0,0.0,0.0,352.0,0.6725746268656716,0.0,0,0
2352,佳世達,TWSE,25.3,3034468.0,76645897.0,0.0,0.0,0.0,330.0,0.6930970149253731,0.0,0,0
2353,宏碁,TWSE,27.05,44711040.0,1217511477.0,0.0,0.0,0.0,81.0,0.9253731343283582,1.0,0,0
2354,鴻準,TWSE,57.9,2484044.0,143399713.0,0.0,0.0,0.0,256.0,0.7621268656716418,0.5,0,0
2355,敬鵬,TWSE,36.75,6222202.0,229530883.0,0.0,0.0,0.0,218.0,0.7975746268656716,0.5,0,0
2356,英業達,TWSE,45.05,13166160.0,593185698.0,0.0,0.0,0.0,132.0,0.8777985074626866,0.5,0,0
2357,華碩,TWSE,526.0,5244160.0,2723833443.0,0.0,0.0,0.0,45.0,0.9589552238805971,1.0,0,0
2359,所羅門,TWSE,125.5,916478.0,115392456.0,0.0,0.0,0.0,277.0,0.7425373134328358,0.5,0,0
2360,致茂,TWSE,1040.0,1432274.0,1476620865.0,0.0,0.0,0.0,69.0,0.9365671641791045,1.0,0,0
2362,藍天,TWSE,38.35,808549.0,30933293.0,0.0,0.0,0.0,470.0,0.5625,0.0,0,0
2363,矽統,TWSE,54.4,18547797.0,1003519314.0,0.0,0.0,0.0,95.0,0.9123134328358209,1.0,0,0
2364,倫飛,TWSE,61.5,96777.0,5963062.0,0.0,0.0,0.0,726.0,0.32369402985074625,0.0,0,0
2365,昆盈,TWSE,34.85,2388611.0,83443497.0,0.0,0.0,0.0,322.0,0.7005597014925373,0.5,0,0
2367,燿華,TWSE,51.6,91981955.0,4778559759.0,0.0,0.0,0.0,30.0,0.9729477611940298,1.0,0,0
2368,金像電,TWSE,846.0,10837840.0,8959345806.0,0.0,0.0,0.0,16.0,0.9860074626865671,1.0,0,1
2369,菱生,TWSE,24.8,4881140.0,123095200.0,0.0,0.0,0.0,269.0,0.75,0.5,0,0
2371,大同,TWSE,36.65,8797385.0,323868036.0,0.0,0.0,0.0,184.0,0.8292910447761194,0.5,0,0
2373,震旦行,TWSE,54.9,25818.0,1417499.0,0.0,0.0,0.0,931.0,0.13246268656716417,0.0,0,0
2374,佳能,TWSE,77.6,6224666.0,482699630.0,0.0,0.0,0.0,153.0,0.8582089552238806,0.5,0,0
2375,凱美,TWSE,84.6,1230305.0,104816639.0,0.0,0.0,0.0,288.0,0.7322761194029851,0.5,0,0
2376,技嘉,TWSE,226.5,3735406.0,844868292.0,0.0,0.0,0.0,109.0,0.8992537313432836,0.5,0,0
2377,微星,TWSE,90.4,15489871.0,1419643896.0,0.0,0.0,0.0,71.0,0.9347014925373134,1.0,0,0
2379,瑞昱,TWSE,478.5,1774861.0,845926501.0,0.0,0.0,0.0,107.0,0.9011194029850746,1.0,0,0
2380,虹光,TWSE,4.83,127918.0,627195.0,0.0,0.0,0.0,1016.0,0.05317164179104478,0.0,0,0
2382,廣達,TWSE,285.0,15443379.0,4398056498.0,0.0,0.0,0.0,32.0,0.9710820895522388,1.0,0,0
2383,台光電,TWSE,2105.0,3163230.0,6614751580.0,0.0,0.0,0.0,21.0,0.9813432835820896,1.0,0,0
2385,群光,TWSE,120.0,2010726.0,240577518.0,0.0,0.0,0.0,212.0,0.8031716417910447,0.5,0,0
2387,精元,TWSE,38.95,350433.0,13685641.0,0.0,0.0,0.0,597.0,0.44402985074626866,0.0,0,0
2388,威盛,TWSE,51.0,1608067.0,81947514.0,0.0,0.0,0.0,323.0,0.6996268656716418,0.0,0,0
2390,云辰,TWSE,10.2,355244.0,3636674.0,0.0,0.0,0.0,812.0,0.24347014925373134,0.0,0,0
2392,正崴,TWSE,38.95,669869.0,26191289.0,0.0,0.0,0.0,497.0,0.5373134328358209,0.0,0,0
2393,億光,TWSE,57.9,2712591.0,157224588.0,0.0,0.0,0.0,241.0,0.7761194029850746,0.5,0,0
2395,研華,TWSE,297.5,2350035.0,692258379.0,0.0,0.0,0.0,121.0,0.8880597014925373,0.5,0,0
2397,友通,TWSE,60.4,122553.0,7331156.0,0.0,0.0,0.0,693.0,0.35447761194029853,0.0,0,0
2399,映泰,TWSE,22.0,966801.0,21251109.0,0.0,0.0,0.0,529.0,0.5074626865671642,0.0,0,0
2401,凌陽,TWSE,21.2,1506641.0,31820374.0,0.0,0.0,0.0,466.0,0.566231343283582,0.0,0,0
2402,毅嘉,TWSE,53.0,2528658.0,132838839.0,0.0,0.0,0.0,263.0,0.7555970149253731,0.5,0,0
2404,漢唐,TWSE,908.0,1304446.0,1183625365.0,0.0,0.0,0.0,83.0,0.9235074626865671,1.0,0,0
2405,輔信,TWSE,15.7,1530947.0,24161460.0,0.0,0.0,0.0,508.0,0.5270522388059702,0.0,0,0
2406,國碩,TWSE,28.0,14334364.0,400080452.0,0.0,0.0,0.0,171.0,0.8414179104477612,0.5,0,0
2408,南亞科,TWSE,271.0,96717244.0,26293104289.0,0.0,0.0,0.0,2.0,0.9990671641791045,1.0,0,1
2409,友達,TWSE,14.75,99919580.0,1474563705.0,0.0,0.0,0.0,70.0,0.9356343283582089,1.0,0,0
2412,中華電,TWSE,132.5,10118128.0,1341444313.0,0.0,0.0,0.0,74.0,0.9319029850746269,1.0,0,0
2413,環科,TWSE,43.65,5285139.0,223529276.0,0.0,0.0,0.0,219.0,0.7966417910447762,0.5,0,0
2414,精技,TWSE,41.85,319361.0,13364877.0,0.0,0.0,0.0,605.0,0.43656716417910446,0.0,0,0
2415,錩新,TWSE,27.3,155281.0,4269893.0,0.0,0.0,0.0,783.0,0.27052238805970147,0.0,0,0
2417,圓剛,TWSE,37.15,221193.0,8206596.0,0.0,0.0,0.0,674.0,0.37220149253731344,0.0,0,0
2419,仲琦,TWSE,27.6,1090862.0,29628529.0,0.0,0.0,0.0,474.0,0.558768656716418,0.0,0,0
2420,新巨,TWSE,50.5,168776.0,8516990.0,0.0,0.0,0.0,670.0,0.37593283582089554,0.0,0,0
2421,建準,TWSE,146.5,1315155.0,193484233.0,0.0,0.0,0.0,226.0,0.7901119402985075,0.5,0,0
2423,固緯,TWSE,44.7,511968.0,23056193.0,0.0,0.0,0.0,515.0,0.5205223880597015,0.0,0,0
2424,隴華,TWSE,32.3,247263.0,8020957.0,0.0,0.0,0.0,682.0,0.36473880597014924,0.0,0,0
2425,承啟,TWSE,28.5,92892.0,2623483.0,0.0,0.0,0.0,866.0,0.19309701492537312,0.0,0,0
2426,鼎元,TWSE,18.35,1013282.0,18535635.0,0.0,0.0,0.0,550.0,0.4878731343283582,0.0,0,0
2427,三商電,TWSE,26.5,2454688.0,65403792.0,0.0,0.0,0.0,350.0,0.6744402985074627,0.0,0,0
2428,興勤,TWSE,172.0,352558.0,60472126.0,0.0,0.0,0.0,357.0,0.667910447761194,0.0,0,0
2429,銘旺科,TWSE,56.3,474966.0,26884944.0,0.0,0.0,0.0,493.0,0.5410447761194029,0.0,0,0
2430,燦坤,TWSE,22.55,30463.0,685651.0,0.0,0.0,0.0,1008.0,0.06063432835820896,0.0,0,0
2431,聯昌,TWSE,14.9,3308799.0,49606653.0,0.0,0.0,0.0,393.0,0.6343283582089553,0.0,0,0
2432,倚天酷碁-創,TWSE,24.35,31003.0,753572.0,0.0,0.0,0.0,994.0,0.07369402985074627,0.0,0,0
2433,互盛電,TWSE,46.65,29159.0,1359571.0,0.0,0.0,0.0,935.0,0.1287313432835821,0.0,0,0
2434,統懋,TWSE,29.75,48586.0,1455789.0,0.0,0.0,0.0,927.0,0.13619402985074627,0.0,0,0
2436,偉詮電,TWSE,58.0,16769769.0,976886168.0,0.0,0.0,0.0,99.0,0.9085820895522388,1.0,0,0
2438,翔耀,TWSE,20.75,104371.0,2180585.0,0.0,0.0,0.0,891.0,0.16977611940298507,0.0,0,0
2439,美律,TWSE,100.0,952998.0,94620700.0,0.0,0.0,0.0,301.0,0.7201492537313433,0.5,0,0
2440,太空梭,TWSE,15.0,391177.0,5873248.0,0.0,0.0,0.0,729.0,0.3208955223880597,0.0,0,0
2441,超豐,TWSE,87.9,7192173.0,637610478.0,0.0,0.0,0.0,125.0,0.8843283582089553,0.5,0,0
2442,新美齊,TWSE,20.7,2790593.0,56694341.0,0.0,0.0,0.0,371.0,0.6548507462686567,0.0,0,0
2444,兆勁,TWSE,12.45,414457.0,5236512.0,0.0,0.0,0.0,751.0,0.3003731343283582,0.0,0,0
2449,京元電子,TWSE,302.0,25947331.0,7864554958.0,0.0,0.0,0.0,18.0,0.9841417910447762,1.0,0,1
2450,神腦,TWSE,28.85,206353.0,5949895.0,0.0,0.0,0.0,727.0,0.32276119402985076,0.0,0,0
2451,創見,TWSE,213.0,7018017.0,1510134560.0,0.0,0.0,0.0,66.0,0.9393656716417911,1.0,0,0
2453,凌群,TWSE,52.6,838396.0,44035339.0,0.0,0.0,0.0,414.0,0.6147388059701493,0.0,0,0
2454,聯發科,TWSE,1845.0,11214078.0,20663380075.0,0.0,0.0,0.0,6.0,0.9953358208955224,1.0,0,1
2455,全新,TWSE,190.0,29040545.0,5396238340.0,0.0,0.0,0.0,28.0,0.9748134328358209,1.0,0,0
2457,飛宏,TWSE,28.15,3732047.0,105432669.0,0.0,0.0,0.0,287.0,0.7332089552238806,0.5,0,0
2458,義隆,TWSE,120.5,1274300.0,152770506.0,0.0,0.0,0.0,245.0,0.7723880597014925,0.5,0,0
2459,敦吉,TWSE,66.0,49721.0,3273294.0,0.0,0.0,0.0,827.0,0.2294776119402985,0.0,0,0
2460,建通,TWSE,25.0,2490042.0,60979437.0,0.0,0.0,0.0,356.0,0.6688432835820896,0.0,0,0
2461,光群雷,TWSE,16.4,195846.0,3214801.0,0.0,0.0,0.0,832.0,0.2248134328358209,0.0,0,0
2462,良得電,TWSE,24.65,350434.0,8676615.0,0.0,0.0,0.0,667.0,0.3787313432835821,0.0,0,0
2464,盟立,TWSE,72.0,14742526.0,1081587302.0,0.0,0.0,0.0,92.0,0.9151119402985075,1.0,0,0
2465,麗臺,TWSE,52.0,258614.0,13404750.0,0.0,0.0,0.0,603.0,0.43843283582089554,0.0,0,0
2466,冠西電,TWSE,55.1,489364.0,27346098.0,0.0,0.0,0.0,487.0,0.5466417910447762,0.0,0,0
2467,志聖,TWSE,272.5,3424826.0,936964276.0,0.0,0.0,0.0,101.0,0.9067164179104478,1.0,0,0
2468,華經,TWSE,36.5,181222.0,6646944.0,0.0,0.0,0.0,711.0,0.3376865671641791,0.0,0,0
2471,資通,TWSE,51.4,262395.0,13488060.0,0.0,0.0,0.0,600.0,0.4412313432835821,0.0,0,0
2472,立隆電,TWSE,108.5,1344016.0,145410328.0,0.0,0.0,0.0,251.0,0.7667910447761194,0.5,0,0
2474,可成,TWSE,193.5,1382866.0,268330300.0,0.0,0.0,0.0,199.0,0.8152985074626866,0.5,0,0
2476,鉅祥,TWSE,82.2,515134.0,42561931.0,0.0,0.0,0.0,421.0,0.6082089552238806,0.0,0,0
2477,美隆電,TWSE,23.65,147362.0,3488261.0,0.0,0.0,0.0,820.0,0.23600746268656717,0.0,0,0
2478,大毅,TWSE,58.1,722634.0,42347711.0,0.0,0.0,0.0,423.0,0.6063432835820896,0.0,0,0
2480,敦陽科,TWSE,139.5,153377.0,21304486.0,0.0,0.0,0.0,528.0,0.5083955223880597,0.0,0,0
2481,強茂,TWSE,88.0,10419100.0,918115051.0,0.0,0.0,0.0,104.0,0.9039179104477612,1.0,0,0
2482,連宇,TWSE,17.6,65644.0,1141249.0,0.0,0.0,0.0,958.0,0.10727611940298508,0.0,0,0
2483,百容,TWSE,20.1,151017.0,3041782.0,0.0,0.0,0.0,839.0,0.21828358208955223,0.0,0,0
2484,希華,TWSE,26.3,947562.0,25036297.0,0.0,0.0,0.0,501.0,0.5335820895522388,0.0,0,0
2485,兆赫,TWSE,37.65,58061288.0,2255914452.0,0.0,0.0,0.0,50.0,0.9542910447761194,1.0,0,0
2486,一詮,TWSE,146.0,5580491.0,813590507.0,0.0,0.0,0.0,111.0,0.8973880597014925,0.5,0,0
2488,漢平,TWSE,46.8,146855.0,6873671.0,0.0,0.0,0.0,703.0,0.3451492537313433,0.0,0,0
2489,瑞軒,TWSE,25.2,19278312.0,479217801.0,0.0,0.0,0.0,154.0,0.8572761194029851,0.5,0,0
2491,吉祥全,TWSE,16.55,344146.0,5738648.0,0.0,0.0,0.0,734.0,0.3162313432835821,0.0,0,0
2492,華新科,TWSE,123.5,4542402.0,565967029.0,0.0,0.0,0.0,137.0,0.8731343283582089,0.5,0,0
2493,揚博,TWSE,106.5,406850.0,43916340.0,0.0,0.0,0.0,415.0,0.6138059701492538,0.0,0,0
2495,普安,TWSE,30.05,2283730.0,69123465.0,0.0,0.0,0.0,343.0,0.6809701492537313,0.0,0,0
2496,卓越,TWSE,69.4,28416.0,1967784.0,0.0,0.0,0.0,899.0,0.1623134328358209,0.0,0,0
2497,怡利電,TWSE,45.7,206625.0,9435423.0,0.0,0.0,0.0,649.0,0.39552238805970147,0.0,0,0
2498,宏達電,TWSE,44.7,5252129.0,233300898.0,0.0,0.0,0.0,216.0,0.7994402985074627,0.5,0,0
2501,國建,TWSE,22.4,915862.0,20367885.0,0.0,0.0,0.0,537.0,0.5,0.0,0,0
2504,國產,TWSE,35.95,1072537.0,38343417.0,0.0,0.0,0.0,438.0,0.5923507462686567,0.0,0,0
2505,國揚,TWSE,19.0,155839.0,2960651.0,0.0,0.0,0.0,843.0,0.21455223880597016,0.0,0,0
2506,太設,TWSE,9.0,69891.0,628383.0,0.0,0.0,0.0,1015.0,0.054104477611940295,0.0,0,0
2509,全坤建,TWSE,14.55,174275.0,2529612.0,0.0,0.0,0.0,869.0,0.19029850746268656,0.0,0,0
2511,太子,TWSE,8.25,824070.0,6784324.0,0.0,0.0,0.0,704.0,0.34421641791044777,0.0,0,0
2514,龍邦,TWSE,14.65,324547.0,4739966.0,0.0,0.0,0.0,764.0,0.28824626865671643,0.0,0,0
2515,中工,TWSE,14.95,22426198.0,333357681.0,0.0,0.0,0.0,181.0,0.832089552238806,0.5,0,0
2516,新建,TWSE,14.65,690713.0,10111327.0,0.0,0.0,0.0,638.0,0.40578358208955223,0.0,0,0
2520,冠德,TWSE,32.15,880559.0,28165611.0,0.0,0.0,0.0,482.0,0.5513059701492538,0.0,0,0
2524,京城,TWSE,40.9,106130.0,4340465.0,0.0,0.0,0.0,778.0,0.2751865671641791,0.0,0,0
2527,宏璟,TWSE,30.15,692038.0,20666342.0,0.0,0.0,0.0,533.0,0.503731343283582,0.0,0,0
2528,皇普,TWSE,27.15,1259910.0,33667314.0,0.0,0.0,0.0,460.0,0.5718283582089553,0.0,0,0
2530,華建,TWSE,25.1,720913.0,18121032.0,0.0,0.0,0.0,554.0,0.4841417910447761,0.0,0,0
2534,宏盛,TWSE,20.0,824370.0,16317863.0,0.0,0.0,0.0,569.0,0.4701492537313433,0.0,0,0
2535,達欣工,TWSE,70.7,566064.0,39886366.0,0.0,0.0,0.0,432.0,0.5979477611940298,0.0,0,0
2536,宏普,TWSE,22.8,331251.0,7503441.0,0.0,0.0,0.0,690.0,0.3572761194029851,0.0,0,0
2537,聯上發,TWSE,10.45,852900.0,8937335.0,0.0,0.0,0.0,661.0,0.3843283582089552,0.0,0,0
2538,基泰,TWSE,10.45,409941.0,4296100.0,0.0,0.0,0.0,781.0,0.27238805970149255,0.0,0,0
2539,櫻花建,TWSE,48.5,1008288.0,48643209.0,0.0,0.0,0.0,400.0,0.6277985074626866,0.0,0,0
2540,愛山林,TWSE,47.25,470756.0,22174687.0,0.0,0.0,0.0,522.0,0.5139925373134329,0.0,0,0
2542,興富發,TWSE,38.3,3741927.0,142519735.0,0.0,0.0,0.0,257.0,0.7611940298507462,0.5,0,0
2543,皇昌,TWSE,60.4,815601.0,49370499.0,0.0,0.0,0.0,395.0,0.6324626865671642,0.0,0,0
2545,皇翔,TWSE,37.1,409513.0,15276030.0,0.0,0.0,0.0,582.0,0.45802238805970147,0.0,0,0
2546,根基,TWSE,85.3,74802.0,6369784.0,0.0,0.0,0.0,717.0,0.332089552238806,0.0,0,0
2547,日勝生,TWSE,10.7,923537.0,9870064.0,0.0,0.0,0.0,641.0,0.40298507462686567,0.0,0,0
2548,華固,TWSE,107.5,685866.0,73357758.0,0.0,0.0,0.0,335.0,0.6884328358208955,0.0,0,0
2597,潤弘,TWSE,169.5,353545.0,59704570.0,0.0,0.0,0.0,359.0,0.6660447761194029,0.0,0,0
2601,益航,TWSE,5.42,888216.0,4784755.0,0.0,0.0,0.0,762.0,0.29011194029850745,0.0,0,0
2603,長榮,TWSE,186.0,5854742.0,1091673475.0,0.0,0.0,0.0,91.0,0.9160447761194029,1.0,0,0
2605,新興,TWSE,29.25,8628114.0,250302205.0,0.0,0.0,0.0,206.0,0.808768656716418,0.5,0,0
2606,裕民,TWSE,62.1,2666191.0,165503021.0,0.0,0.0,0.0,234.0,0.7826492537313433,0.5,0,0
2607,榮運,TWSE,56.1,479802.0,26886195.0,0.0,0.0,0.0,492.0,0.5419776119402985,0.0,0,0
2608,嘉里大榮,TWSE,32.75,173177.0,5650606.0,0.0,0.0,0.0,738.0,0.3125,0.0,0,0
2609,陽明,TWSE,52.8,7924099.0,417908758.0,0.0,0.0,0.0,166.0,0.8460820895522388,0.5,0,0
2610,華航,TWSE,22.95,42843407.0,982895340.0,0.0,0.0,0.0,97.0,0.9104477611940298,1.0,0,0
2611,志信,TWSE,14.5,338039.0,4907378.0,0.0,0.0,0.0,757.0,0.2947761194029851,0.0,0,0
2612,中航,TWSE,60.8,738393.0,44879145.0,0.0,0.0,0.0,412.0,0.6166044776119403,0.0,0,0
2613,中櫃,TWSE,24.1,196776.0,4728596.0,0.0,0.0,0.0,766.0,0.28638059701492535,0.0,0,0
2614,東森,TWSE,20.5,999261.0,20311132.0,0.0,0.0,0.0,538.0,0.49906716417910446,0.0,0,0
2615,萬海,TWSE,74.5,3203602.0,238753151.0,0.0,0.0,0.0,213.0,0.8022388059701493,0.5,0,0
2616,山隆,TWSE,13.65,97757.0,1333117.0,0.0,0.0,0.0,940.0,0.12406716417910447,0.0,0,0
2617,台航,TWSE,30.05,538449.0,16186158.0,0.0,0.0,0.0,571.0,0.46828358208955223,0.0,0,0
2618,長榮航,TWSE,39.0,32034902.0,1247868385.0,0.0,0.0,0.0,78.0,0.9281716417910447,1.0,0,0
2630,亞航,TWSE,48.6,714574.0,34749576.0,0.0,0.0,0.0,455.0,0.5764925373134329,0.0,0,0
2633,台灣高鐵,TWSE,27.35,4422506.0,120504252.0,0.0,0.0,0.0,271.0,0.7481343283582089,0.5,0,0
2634,漢翔,TWSE,52.2,2853166.0,148624902.0,0.0,0.0,0.0,248.0,0.769589552238806,0.5,0,0
2636,台驊控股,TWSE,64.1,240996.0,15457923.0,0.0,0.0,0.0,578.0,0.46175373134328357,0.0,0,0
2637,慧洋-KY,TWSE,69.8,2320107.0,162696005.0,0.0,0.0,0.0,237.0,0.7798507462686567,0.5,0,0
2642,宅配通,TWSE,24.4,110125.0,2698596.0,0.0,0.0,0.0,860.0,0.19869402985074627,0.0,0,0
2645,長榮航太,TWSE,160.0,1028027.0,163727466.0,0.0,0.0,0.0,236.0,0.7807835820895522,0.5,0,0
2646,星宇航空,TWSE,23.0,3121270.0,71490688.0,0.0,0.0,0.0,339.0,0.6847014925373134,0.0,0,0
2701,萬企,TWSE,11.0,70784.0,776229.0,0.0,0.0,0.0,991.0,0.07649253731343283,0.0,0,0
2702,華園,TWSE,11.85,45407.0,537845.0,0.0,0.0,0.0,1028.0,0.04197761194029851,0.0,0,0
2704,國賓,TWSE,42.7,89360.0,3816488.0,0.0,0.0,0.0,806.0,0.2490671641791045,0.0,0,0
2705,六福,TWSE,16.15,310713.0,5022348.0,0.0,0.0,0.0,755.0,0.2966417910447761,0.0,0,0
2706,第一店,TWSE,12.85,95780.0,1228297.0,0.0,0.0,0.0,948.0,0.1166044776119403,0.0,0,0
2707,晶華,TWSE,190.0,83932.0,15933816.0,0.0,0.0,0.0,572.0,0.4673507462686567,0.0,0,0
2712,遠雄來,TWSE,17.2,36390.0,623679.0,0.0,0.0,0.0,1017.0,0.05223880597014925,0.0,0,0
2722,夏都,TWSE,25.4,50680.0,1292597.0,0.0,0.0,0.0,946.0,0.11847014925373134,0.0,0,0
2723,美食-KY,TWSE,76.0,111618.0,8480695.0,0.0,0.0,0.0,671.0,0.375,0.0,0,0
2727,王品,TWSE,215.5,187154.0,40426160.0,0.0,0.0,0.0,429.0,0.6007462686567164,0.0,0,0
2731,雄獅,TWSE,175.0,3390454.0,589094577.0,0.0,0.0,0.0,133.0,0.8768656716417911,0.5,0,0
2739,寒舍,TWSE,33.9,78155.0,2652549.0,0.0,0.0,0.0,862.0,0.19682835820895522,0.0,0,0
2748,雲品,TWSE,40.5,109693.0,4404451.0,0.0,0.0,0.0,776.0,0.27705223880597013,0.0,0,0
2753,八方雲集,TWSE,182.5,181155.0,32872938.0,0.0,0.0,0.0,463.0,0.5690298507462687,0.0,0,0
2762,世界健身-KY,TWSE,72.8,23454.0,1703747.0,0.0,0.0,0.0,908.0,0.15391791044776118,0.0,0,0
2801,彰銀,TWSE,20.65,19933008.0,411994755.0,0.0,0.0,0.0,167.0,0.8451492537313433,0.5,0,0
2812,台中銀,TWSE,20.5,8785988.0,181983647.0,0.0,0.0,0.0,229.0,0.7873134328358209,0.5,0,0
2816,旺旺保,TWSE,28.8,113350.0,3236134.0,0.0,0.0,0.0,830.0,0.22667910447761194,0.0,0,0
2820,華票,TWSE,17.0,4298307.0,72562665.0,0.0,0.0,0.0,338.0,0.6856343283582089,0.0,0,0
2832,台產,TWSE,48.6,154810.0,7511886.0,0.0,0.0,0.0,689.0,0.3582089552238806,0.0,0,0
2834,臺企銀,TWSE,15.7,19962841.0,313516792.0,0.0,0.0,0.0,187.0,0.8264925373134329,0.5,0,0
2836,高雄銀,TWSE,12.3,1958113.0,23957107.0,0.0,0.0,0.0,510.0,0.5251865671641791,0.0,0,0
2838,聯邦銀,TWSE,19.3,2620401.0,50219782.0,0.0,0.0,0.0,389.0,0.6380597014925373,0.0,0,0
2845,遠東銀,TWSE,12.5,3937656.0,49250734.0,0.0,0.0,0.0,397.0,0.6305970149253731,0.0,0,0
2849,安泰銀,TWSE,13.35,104628.0,1393421.0,0.0,0.0,0.0,933.0,0.13059701492537312,0.0,0,0
2850,新產,TWSE,114.0,182466.0,20661760.0,0.0,0.0,0.0,534.0,0.5027985074626866,0.0,0,0
2851,中再保,TWSE,27.4,1063354.0,29035535.0,0.0,0.0,0.0,477.0,0.5559701492537313,0.0,0,0
2852,第一保,TWSE,27.2,285653.0,7773141.0,0.0,0.0,0.0,686.0,0.36100746268656714,0.0,0,0
2855,統一證,TWSE,28.9,3090280.0,89532379.0,0.0,0.0,0.0,306.0,0.7154850746268657,0.5,0,0
2867,三商壽,TWSE,7.98,16101423.0,128368945.0,0.0,0.0,0.0,266.0,0.7527985074626866,0.5,0,0
2880,華南金,TWSE,34.15,13507783.0,459185001.0,0.0,0.0,0.0,158.0,0.8535447761194029,0.5,0,0
2881,富邦金,TWSE,94.5,15681415.0,1482307916.0,0.0,0.0,0.0,68.0,0.9375,1.0,0,0
2882,國泰金,TWSE,77.9,17881164.0,1392905583.0,0.0,0.0,0.0,73.0,0.9328358208955224,1.0,0,0
2883,凱基金,TWSE,18.9,33621079.0,635207646.0,0.0,0.0,0.0,127.0,0.8824626865671642,0.5,0,0
2884,玉山金,TWSE,33.8,22285981.0,752944524.0,0.0,0.0,0.0,117.0,0.8917910447761194,0.5,0,0
2885,元大金,TWSE,44.35,25042402.0,1113324956.0,0.0,0.0,0.0,89.0,0.917910447761194,1.0,0,0
2886,兆豐金,TWSE,39.8,19517581.0,777113334.0,0.0,0.0,0.0,115.0,0.8936567164179104,0.5,0,0
2887,台新新光金,TWSE,23.95,62681865.0,1497131290.0,0.0,0.0,0.0,67.0,0.9384328358208955,1.0,0,0
2889,國票金,TWSE,17.05,8360207.0,141804141.0,0.0,0.0,0.0,258.0,0.7602611940298507,0.5,0,0
2890,永豐金,TWSE,30.35,25846314.0,787188464.0,0.0,0.0,0.0,114.0,0.894589552238806,0.5,0,0
2891,中信金,TWSE,51.7,29260246.0,1520011869.0,0.0,0.0,0.0,64.0,0.941231343283582,1.0,0,0
2892,第一金,TWSE,29.25,16973669.0,494273621.0,0.0,0.0,0.0,151.0,0.8600746268656716,0.5,0,0
2897,王道銀行,TWSE,9.4,3872310.0,36367349.0,0.0,0.0,0.0,447.0,0.5839552238805971,0.0,0,0
2901,欣欣,TWSE,24.3,103184.0,2489170.0,0.0,0.0,0.0,872.0,0.1875,0.0,0,0
2903,遠百,TWSE,23.5,2290076.0,53769976.0,0.0,0.0,0.0,381.0,0.6455223880597015,0.0,0,0
2904,匯僑,TWSE,17.0,43938.0,745090.0,0.0,0.0,0.0,996.0,0.07182835820895522,0.0,0,0
2905,三商,TWSE,15.5,626068.0,9670321.0,0.0,0.0,0.0,646.0,0.3983208955223881,0.0,0,0
2906,高林,TWSE,12.4,60564.0,751426.0,0.0,0.0,0.0,995.0,0.07276119402985075,0.0,0,0
2908,特力,TWSE,20.7,436469.0,8988634.0,0.0,0.0,0.0,657.0,0.3880597014925373,0.0,0,0
2910,統領,TWSE,21.1,8000.0,168700.0,0.0,0.0,0.0,1061.0,0.011194029850746268,0.0,0,0
2911,麗嬰房,TWSE,5.15,24485.0,126088.0,0.0,0.0,0.0,1066.0,0.0065298507462686565,0.0,0,0
2912,統一超,TWSE,222.5,1254951.0,277472803.0,0.0,0.0,0.0,195.0,0.8190298507462687,0.5,0,0
2913,農林,TWSE,12.95,920185.0,11866246.0,0.0,0.0,0.0,622.0,0.4207089552238806,0.0,0,0
2915,潤泰全,TWSE,52.1,1358996.0,70663320.0,0.0,0.0,0.0,342.0,0.6819029850746269,0.0,0,0
2923,鼎固-KY,TWSE,20.85,89415.0,1828767.0,0.0,0.0,0.0,904.0,0.15764925373134328,0.0,0,0
2929,淘帝-KY,TWSE,7.69,139837.0,1070996.0,0.0,0.0,0.0,967.0,0.09888059701492537,0.0,0,0
2939,永邑-KY,TWSE,23.85,31003.0,739666.0,0.0,0.0,0.0,997.0,0.0708955223880597,0.0,0,0
2945,三商家購,TWSE,41.7,25377.0,1059895.0,0.0,0.0,0.0,970.0,0.0960820895522388,0.0,0,0
3002,歐格,TWSE,21.6,398813.0,8562404.0,0.0,0.0,0.0,669.0,0.376865671641791,0.0,0,0
3003,健和興,TWSE,47.85,138041.0,6585747.0,0.0,0.0,0.0,713.0,0.3358208955223881,0.0,0,0
3004,豐達科,TWSE,114.0,547721.0,61691061.0,0.0,0.0,0.0,354.0,0.6707089552238806,0.0,0,0
3005,神基,TWSE,110.0,4591688.0,507936115.0,0.0,0.0,0.0,147.0,0.8638059701492538,0.5,0,0
3006,晶豪科,TWSE,155.0,17088108.0,2662203225.0,0.0,0.0,0.0,46.0,0.9580223880597015,1.0,0,0
3008,大立光,TWSE,2325.0,358382.0,828358955.0,0.0,0.0,0.0,110.0,0.898320895522388,0.5,0,0
3010,華立,TWSE,123.5,2120722.0,261885342.0,0.0,0.0,0.0,200.0,0.8143656716417911,0.5,0,0
3011,今皓,TWSE,12.95,329431.0,4284860.0,0.0,0.0,0.0,782.0,0.271455223880597,0.0,0,0
3013,晟銘電,TWSE,107.5,1519438.0,165039017.0,0.0,0.0,0.0,235.0,0.7817164179104478,0.5,0,0
3014,聯陽,TWSE,120.0,616512.0,74325355.0,0.0,0.0,0.0,332.0,0.691231343283582,0.0,0,0
3015,全漢,TWSE,53.6,863291.0,46488307.0,0.0,0.0,0.0,407.0,0.621268656716418,0.0,0,0
3016,嘉晶,TWSE,57.0,2726506.0,158470813.0,0.0,0.0,0.0,240.0,0.7770522388059702,0.5,0,0
3017,奇鋐,TWSE,1620.0,3737625.0,6021530620.0,0.0,0.0,0.0,26.0,0.976679104477612,1.0,0,0
3018,隆銘綠能,TWSE,12.2,21781.0,257821.0,0.0,0.0,0.0,1050.0,0.021455223880597014,0.0,0,0
3019,亞光,TWSE,151.0,11287014.0,1703399671.0,0.0,0.0,0.0,57.0,0.9477611940298507,1.0,0,0
3021,鴻名,TWSE,17.0,261012.0,4454382.0,0.0,0.0,0.0,773.0,0.2798507462686567,0.0,0,0
3022,威強電,TWSE,60.5,682746.0,41130420.0,0.0,0.0,0.0,426.0,0.6035447761194029,0.0,0,0
3023,信邦,TWSE,235.5,939716.0,221052124.0,0.0,0.0,0.0,220.0,0.7957089552238806,0.5,0,0
3024,憶聲,TWSE,10.3,540744.0,5555738.0,0.0,0.0,0.0,740.0,0.310634328358209,0.0,0,0
3025,星通,TWSE,55.9,1216613.0,68284966.0,0.0,0.0,0.0,346.0,0.6781716417910447,0.0,0,0
3026,禾伸堂,TWSE,105.5,522450.0,54953874.0,0.0,0.0,0.0,377.0,0.6492537313432836,0.0,0,0
3027,盛達,TWSE,23.05,163062.0,3752299.0,0.0,0.0,0.0,807.0,0.24813432835820895,0.0,0,0
3028,增你強,TWSE,46.2,14782018.0,681746164.0,0.0,0.0,0.0,122.0,0.8871268656716418,0.5,0,0
3029,零壹,TWSE,111.5,795967.0,88807580.0,0.0,0.0,0.0,307.0,0.7145522388059702,0.5,0,0
3030,德律,TWSE,184.0,1083584.0,200776192.0,0.0,0.0,0.0,224.0,0.7919776119402985,0.5,0,0
3031,佰鴻,TWSE,19.9,240150.0,4803383.0,0.0,0.0,0.0,760.0,0.29197761194029853,0.0,0,0
3032,偉訓,TWSE,73.0,287013.0,20812586.0,0.0,0.0,0.0,532.0,0.5046641791044776,0.0,0,0
3033,威健,TWSE,30.85,6302508.0,195379518.0,0.0,0.0,0.0,225.0,0.7910447761194029,0.5,0,0
3034,聯詠,TWSE,377.0,2983792.0,1129032857.0,0.0,0.0,0.0,88.0,0.9188432835820896,1.0,0,0
3035,智原,TWSE,169.0,5621621.0,927084810.0,0.0,0.0,0.0,102.0,0.9057835820895522,1.0,0,0
3036,文曄,TWSE,168.5,15571774.0,2607752406.0,0.0,0.0,0.0,47.0,0.957089552238806,1.0,0,0
3037,欣興,TWSE,371.5,63529136.0,23525775708.0,0.0,0.0,0.0,4.0,0.9972014925373134,1.0,0,1
3038,全台,TWSE,23.5,364621.0,8455703.0,0.0,0.0,0.0,672.0,0.37406716417910446,0.0,0,0
3040,遠見,TWSE,42.35,461220.0,19342549.0,0.0,0.0,0.0,546.0,0.4916044776119403,0.0,0,0
3041,揚智,TWSE,25.2,320643.0,8070597.0,0.0,0.0,0.0,681.0,0.3656716417910448,0.0,0,0
3042,晶技,TWSE,88.2,1006129.0,88519472.0,0.0,0.0,0.0,309.0,0.7126865671641791,0.5,0,0
3043,科風,TWSE,21.75,55182.0,1198232.0,0.0,0.0,0.0,952.0,0.11287313432835822,0.0,0,0
3044,健鼎,TWSE,375.0,4017707.0,1516559160.0,0.0,0.0,0.0,65.0,0.9402985074626866,1.0,0,0
3045,台灣大,TWSE,105.5,5091298.0,537933363.0,0.0,0.0,0.0,140.0,0.8703358208955224,0.5,0,0
3046,建碁,TWSE,49.6,187239.0,9299206.0,0.0,0.0,0.0,652.0,0.3927238805970149,0.0,0,0
3047,訊舟,TWSE,17.4,1001768.0,17500525.0,0.0,0.0,0.0,562.0,0.4766791044776119,0.0,0,0
3048,益登,TWSE,38.45,6281123.0,250383014.0,0.0,0.0,0.0,205.0,0.8097014925373134,0.5,0,0
3049,精金,TWSE,9.02,3007600.0,27409910.0,0.0,0.0,0.0,486.0,0.5475746268656716,0.0,0,0
3050,鈺德,TWSE,12.95,773891.0,10014703.0,0.0,0.0,0.0,639.0,0.4048507462686567,0.0,0,0
3051,力特,TWSE,22.3,795164.0,17916736.0,0.0,0.0,0.0,557.0,0.48134328358208955,0.0,0,0
3052,夆典,TWSE,11.5,418693.0,4801482.0,0.0,0.0,0.0,761.0,0.291044776119403,0.0,0,0
3054,立萬利,TWSE,31.1,88253.0,2764790.0,0.0,0.0,0.0,854.0,0.2042910447761194,0.0,0,0
3055,蔚華科,TWSE,66.3,529363.0,34952574.0,0.0,0.0,0.0,452.0,0.5792910447761194,0.0,0,0
3056,富華新,TWSE,17.15,1454147.0,24714636.0,0.0,0.0,0.0,504.0,0.5307835820895522,0.0,0,0
3057,喬鼎,TWSE,16.2,168580.0,2704342.0,0.0,0.0,0.0,858.0,0.20055970149253732,0.0,0,0
3058,立德,TWSE,9.63,700695.0,6760734.0,0.0,0.0,0.0,706.0,0.3423507462686567,0.0,0,0
3059,華晶科,TWSE,37.85,1156690.0,43881232.0,0.0,0.0,0.0,416.0,0.6128731343283582,0.0,0,0
3060,銘異,TWSE,29.95,2407141.0,72889277.0,0.0,0.0,0.0,337.0,0.6865671641791045,0.0,0,0
3062,建漢,TWSE,23.8,1699057.0,40596988.0,0.0,0.0,0.0,428.0,0.601679104477612,0.0,0,0
3090,日電貿,TWSE,91.7,1686994.0,155324514.0,0.0,0.0,0.0,243.0,0.7742537313432836,0.5,0,0
3092,鴻碩,TWSE,23.35,415718.0,9584359.0,0.0,0.0,0.0,648.0,0.396455223880597,0.0,0,0
3094,聯傑,TWSE,24.9,167489.0,4185646.0,0.0,0.0,0.0,788.0,0.2658582089552239,0.0,0,0
3130,一零四,TWSE,223.5,16051.0,3598323.0,0.0,0.0,0.0,817.0,0.23880597014925373,0.0,0,0
3135,凌航,TWSE,113.0,4594301.0,527291831.0,0.0,0.0,0.0,142.0,0.8684701492537313,0.5,0,0
3138,耀登,TWSE,163.5,4367684.0,732818113.0,0.0,0.0,0.0,118.0,0.8908582089552238,0.5,0,0
3149,正達,TWSE,50.4,11391548.0,595404476.0,0.0,0.0,0.0,131.0,0.878731343283582,0.5,0,0
3150,鈺寶-創,TWSE,17.45,35000.0,613100.0,0.0,0.0,0.0,1018.0,0.051305970149253734,0.0,0,0
3164,景岳,TWSE,17.7,142750.0,2516969.0,0.0,0.0,0.0,870.0,0.18936567164179105,0.0,0,0
3167,大量,TWSE,275.5,27096754.0,7376148404.0,0.0,0.0,0.0,20.0,0.9822761194029851,1.0,0,1
3168,眾福科,TWSE,39.5,19195.0,760702.0,0.0,0.0,0.0,992.0,0.07555970149253731,0.0,0,0
3189,景碩,TWSE,253.5,60687229.0,15854273355.0,0.0,0.0,0.0,7.0,0.9944029850746269,1.0,0,1
3209,全科,TWSE,37.3,6794955.0,253212014.0,0.0,0.0,0.0,204.0,0.8106343283582089,0.5,0,0
3229,晟鈦,TWSE,21.3,151973.0,3235992.0,0.0,0.0,0.0,831.0,0.22574626865671643,0.0,0,0
3231,緯創,TWSE,129.5,23368155.0,3051885161.0,0.0,0.0,0.0,39.0,0.9645522388059702,1.0,0,0
3257,虹冠電,TWSE,60.6,564649.0,34000351.0,0.0,0.0,0.0,458.0,0.5736940298507462,0.0,0,0
3266,昇陽,TWSE,13.4,97367.0,1302640.0,0.0,0.0,0.0,945.0,0.11940298507462686,0.0,0,0
3296,勝德,TWSE,24.1,93843.0,2259025.0,0.0,0.0,0.0,885.0,0.17537313432835822,0.0,0,0
3305,昇貿,TWSE,111.5,5745976.0,635512308.0,0.0,0.0,0.0,126.0,0.8833955223880597,0.5,0,0
3308,聯德,TWSE,23.65,694713.0,16728911.0,0.0,0.0,0.0,565.0,0.47388059701492535,0.0,0,0
3311,閎暉,TWSE,30.8,128189.0,3971905.0,0.0,0.0,0.0,800.0,0.25466417910447764,0.0,0,0
3312,弘憶股,TWSE,37.8,441654.0,16663521.0,0.0,0.0,0.0,566.0,0.47294776119402987,0.0,0,0
3321,同泰,TWSE,17.8,431984.0,7669525.0,0.0,0.0,0.0,687.0,0.36007462686567165,0.0,0,0
3338,泰碩,TWSE,51.6,356431.0,18378597.0,0.0,0.0,0.0,551.0,0.4869402985074627,0.0,0,0
3346,麗清,TWSE,20.85,419952.0,8828890.0,0.0,0.0,0.0,665.0,0.3805970149253731,0.0,0,0
3356,奇偶,TWSE,47.25,208582.0,9832584.0,0.0,0.0,0.0,642.0,0.40205223880597013,0.0,0,0
3376,新日興,TWSE,193.5,3599193.0,703793000.0,0.0,0.0,0.0,120.0,0.8889925373134329,0.5,0,0
3380,明泰,TWSE,30.15,1280651.0,38608168.0,0.0,0.0,0.0,437.0,0.5932835820895522,0.0,0,0
3406,玉晶光,TWSE,430.0,781237.0,335930184.0,0.0,0.0,0.0,180.0,0.8330223880597015,0.5,0,0
3413,京鼎,TWSE,291.5,896515.0,261535432.0,0.0,0.0,0.0,201.0,0.8134328358208955,0.5,0,0
3416,融程電,TWSE,143.5,124136.0,17710138.0,0.0,0.0,0.0,561.0,0.47761194029850745,0.0,0,0
3419,譁裕,TWSE,14.7,266557.0,3869370.0,0.0,0.0,0.0,804.0,0.25093283582089554,0.0,0,0
3432,台端,TWSE,18.8,703756.0,13123275.0,0.0,0.0,0.0,609.0,0.43283582089552236,0.0,0,0
3437,榮創,TWSE,15.6,728144.0,11274223.0,0.0,0.0,0.0,626.0,0.41697761194029853,0.0,0,0
3443,創意,TWSE,2505.0,2034739.0,5053373380.0,0.0,0.0,0.0,29.0,0.9738805970149254,1.0,0,0
3447,展達,TWSE,40.65,220160.0,8966833.0,0.0,0.0,0.0,659.0,0.38619402985074625,0.0,0,0
3450,聯鈞,TWSE,248.0,15203874.0,3874458787.0,0.0,0.0,0.0,34.0,0.9692164179104478,1.0,0,0
3454,晶睿,TWSE,99.1,98891.0,9803402.0,0.0,0.0,0.0,643.0,0.40111940298507465,0.0,0,0
3481,群創,TWSE,21.05,144484305.0,3046517644.0,0.0,0.0,0.0,40.0,0.9636194029850746,1.0,0,0
3494,誠研,TWSE,8.9,88069.0,777815.0,0.0,0.0,0.0,990.0,0.07742537313432836,0.0,0,0
3501,維熹,TWSE,51.1,139374.0,7140080.0,0.0,0.0,0.0,697.0,0.35074626865671643,0.0,0,0
3504,揚明光,TWSE,54.4,183236.0,9957713.0,0.0,0.0,0.0,640.0,0.4039179104477612,0.0,0,0
3515,華擎,TWSE,220.5,302464.0,66209617.0,0.0,0.0,0.0,348.0,0.6763059701492538,0.0,0,0
3518,柏騰,TWSE,21.3,88473.0,1876160.0,0.0,0.0,0.0,903.0,0.15858208955223882,0.0,0,0
3528,安馳,TWSE,70.6,209198.0,14577705.0,0.0,0.0,0.0,588.0,0.45242537313432835,0.0,0,0
3530,晶相光,TWSE,62.2,155404.0,9630985.0,0.0,0.0,0.0,647.0,0.39738805970149255,0.0,0,0
3532,台勝科,TWSE,151.0,7933557.0,1178843091.0,0.0,0.0,0.0,84.0,0.9225746268656716,1.0,0,0
3533,嘉澤,TWSE,1625.0,1719845.0,2796396200.0,0.0,0.0,0.0,43.0,0.960820895522388,1.0,0,0
3535,晶彩科,TWSE,102.5,11860632.0,1264758571.0,0.0,0.0,0.0,77.0,0.9291044776119403,1.0,0,0
3543,州巧,TWSE,42.85,900745.0,38791380.0,0.0,0.0,0.0,436.0,0.5942164179104478,0.0,0,0
3545,敦泰,TWSE,51.9,926150.0,48383205.0,0.0,0.0,0.0,401.0,0.6268656716417911,0.0,0,0
3550,聯穎,TWSE,20.35,38023498.0,806179417.0,0.0,0.0,0.0,112.0,0.8964552238805971,0.5,0,0
3557,嘉威,TWSE,34.5,191253.0,6661224.0,0.0,0.0,0.0,709.0,0.33955223880597013,0.0,0,0
3563,牧德,TWSE,485.0,668872.0,327030379.0,0.0,0.0,0.0,182.0,0.8311567164179104,0.5,0,0
3576,聯合再生,TWSE,14.45,50194843.0,731492648.0,0.0,0.0,0.0,119.0,0.8899253731343284,0.5,0,0
3583,辛耘,TWSE,319.0,179239.0,57273567.0,0.0,0.0,0.0,367.0,0.6585820895522388,0.0,0,0
3588,通嘉,TWSE,53.1,958299.0,51252859.0,0.0,0.0,0.0,386.0,0.6408582089552238,0.0,0,0
3591,艾笛森,TWSE,19.1,219923.0,4179146.0,0.0,0.0,0.0,790.0,0.26399253731343286,0.0,0,0
3592,瑞鼎,TWSE,228.0,312226.0,71385998.0,0.0,0.0,0.0,340.0,0.683768656716418,0.0,0,0
3593,力銘,TWSE,11.85,16428.0,195621.0,0.0,0.0,0.0,1056.0,0.01585820895522388,0.0,0,0
3596,智易,TWSE,181.0,990171.0,180258421.0,0.0,0.0,0.0,230.0,0.7863805970149254,0.5,0,0
3605,宏致,TWSE,63.6,2938451.0,192254376.0,0.0,0.0,0.0,227.0,0.789179104477612,0.5,0,0
3607,谷崧,TWSE,13.9,145495.0,2016735.0,0.0,0.0,0.0,896.0,0.16511194029850745,0.0,0,0
3617,碩天,TWSE,191.0,153956.0,29323508.0,0.0,0.0,0.0,475.0,0.5578358208955224,0.0,0,0
3622,洋華,TWSE,58.4,1499650.0,88164330.0,0.0,0.0,0.0,312.0,0.7098880597014925,0.5,0,0
3645,達邁,TWSE,56.6,1979445.0,111285285.0,0.0,0.0,0.0,282.0,0.7378731343283582,0.5,0,0
3652,精聯,TWSE,27.95,30010.0,838480.0,0.0,0.0,0.0,987.0,0.08022388059701492,0.0,0,0
3653,健策,TWSE,3350.0,2685511.0,8774311005.0,0.0,0.0,0.0,17.0,0.9850746268656716,1.0,0,1
3661,世芯-KY,TWSE,3300.0,1156061.0,3804191295.0,0.0,0.0,0.0,35.0,0.9682835820895522,1.0,0,0
3665,貿聯-KY,TWSE,1380.0,2952078.0,4051127640.0,0.0,0.0,0.0,33.0,0.9701492537313433,1.0,0,0
3669,圓展,TWSE,33.35,47967.0,1601740.0,0.0,0.0,0.0,918.0,0.14458955223880596,0.0,0,0
3673,TPK-KY,TWSE,38.1,1068328.0,41079416.0,0.0,0.0,0.0,427.0,0.6026119402985075,0.0,0,0
3679,新至陞,TWSE,114.5,24720.0,2823878.0,0.0,0.0,0.0,848.0,0.20988805970149255,0.0,0,0
3686,達能,TWSE,19.1,973420.0,18721772.0,0.0,0.0,0.0,548.0,0.48973880597014924,0.0,0,0
3694,海華,TWSE,58.3,693329.0,40206585.0,0.0,0.0,0.0,430.0,0.5998134328358209,0.0,0,0
3701,大眾控,TWSE,49.75,2942678.0,147890385.0,0.0,0.0,0.0,250.0,0.7677238805970149,0.5,0,0
3702,大聯大,TWSE,64.5,4571729.0,294060955.0,0.0,0.0,0.0,190.0,0.8236940298507462,0.5,0,0
3703,欣陸,TWSE,23.15,776073.0,17850016.0,0.0,0.0,0.0,558.0,0.480410447761194,0.0,0,0
3704,合勤控,TWSE,33.2,2552914.0,84385524.0,0.0,0.0,0.0,319.0,0.7033582089552238,0.5,0,0
3705,永信,TWSE,55.2,279865.0,15355846.0,0.0,0.0,0.0,580.0,0.45988805970149255,0.0,0,0
3706,神達,TWSE,78.9,11670064.0,922732324.0,0.0,0.0,0.0,103.0,0.9048507462686567,1.0,0,0
3708,上緯投控,TWSE,105.0,534644.0,55774673.0,0.0,0.0,0.0,373.0,0.6529850746268657,0.0,0,0
3711,日月光投控,TWSE,344.0,34343709.0,11956446883.0,0.0,0.0,0.0,12.0,0.9897388059701493,1.0,0,1
3712,永崴投控,TWSE,25.45,294722.0,7471707.0,0.0,0.0,0.0,692.0,0.355410447761194,0.0,0,0
3714,富采,TWSE,36.2,1532994.0,55156055.0,0.0,0.0,0.0,376.0,0.6501865671641791,0.0,0,0
3715,定穎投控,TWSE,142.5,12642209.0,1808430834.0,0.0,0.0,0.0,56.0,0.9486940298507462,1.0,0,0
3716,中化控股,TWSE,33.8,95221.0,3214621.0,0.0,0.0,0.0,833.0,0.22388059701492538,0.0,0,0
3717,聯嘉投控,TWSE,17.6,358202.0,6311982.0,0.0,0.0,0.0,719.0,0.3302238805970149,0.0,0,0
4104,佳醫,TWSE,77.6,452345.0,34794686.0,0.0,0.0,0.0,453.0,0.5783582089552238,0.0,0,0
4106,雃博,TWSE,23.1,26202.0,603008.0,0.0,0.0,0.0,1020.0,0.049440298507462684,0.0,0,0
4108,懷特,TWSE,14.2,175004.0,2477984.0,0.0,0.0,0.0,873.0,0.1865671641791045,0.0,0,0
4119,旭富,TWSE,53.1,199375.0,10506668.0,0.0,0.0,0.0,635.0,0.4085820895522388,0.0,0,0
4133,亞諾法,TWSE,25.25,128898.0,3254844.0,0.0,0.0,0.0,828.0,0.228544776119403,0.0,0,0
4137,麗豐-KY,TWSE,109.5,200323.0,21742889.0,0.0,0.0,0.0,525.0,0.5111940298507462,0.0,0,0
4142,國光生,TWSE,18.25,791206.0,14455799.0,0.0,0.0,0.0,590.0,0.4505597014925373,0.0,0,0
4148,全宇生技-KY,TWSE,36.5,77094.0,2823712.0,0.0,0.0,0.0,849.0,0.208955223880597,0.0,0,0
4155,訊映,TWSE,14.15,79579.0,1129650.0,0.0,0.0,0.0,960.0,0.10541044776119403,0.0,0,0
4164,承業醫,TWSE,33.0,389326.0,12832175.0,0.0,0.0,0.0,612.0,0.4300373134328358,0.0,0,0
4190,佐登-KY,TWSE,29.05,15051.0,437877.0,0.0,0.0,0.0,1037.0,0.033582089552238806,0.0,0,0
4306,炎洲,TWSE,13.3,819647.0,10940277.0,0.0,0.0,0.0,631.0,0.4123134328358209,0.0,0,0
4414,如興,TWSE,10.15,112585.0,1145701.0,0.0,0.0,0.0,955.0,0.11007462686567164,0.0,0,0
4426,利勤,TWSE,9.18,115716.0,1062336.0,0.0,0.0,0.0,968.0,0.09794776119402986,0.0,0,0
4438,廣越,TWSE,67.5,29272.0,1972803.0,0.0,0.0,0.0,898.0,0.16324626865671643,0.0,0,0
4439,冠星-KY,TWSE,102.5,16053.0,1646945.0,0.0,0.0,0.0,912.0,0.1501865671641791,0.0,0,0
4440,宜新實業,TWSE,17.1,232454.0,3985581.0,0.0,0.0,0.0,797.0,0.2574626865671642,0.0,0,0
4441,振大環球,TWSE,242.5,42328.0,10331955.0,0.0,0.0,0.0,636.0,0.4076492537313433,0.0,0,0
4526,東台,TWSE,33.6,3265083.0,110742855.0,0.0,0.0,0.0,283.0,0.7369402985074627,0.5,0,0
4532,瑞智,TWSE,25.5,1133321.0,28813911.0,0.0,0.0,0.0,479.0,0.5541044776119403,0.0,0,0
4536,拓凱,TWSE,158.0,128333.0,20281829.0,0.0,0.0,0.0,539.0,0.498134328358209,0.0,0,0
4540,全球傳動,TWSE,46.65,2887866.0,135797402.0,0.0,0.0,0.0,261.0,0.7574626865671642,0.5,0,0
4545,銘鈺,TWSE,33.35,137711.0,4583874.0,0.0,0.0,0.0,771.0,0.28171641791044777,0.0,0,0
4551,智伸科,TWSE,123.5,392141.0,48894293.0,0.0,0.0,0.0,399.0,0.628731343283582,0.0,0,0
4552,力達-KY,TWSE,23.2,65308.0,1508847.0,0.0,0.0,0.0,923.0,0.13992537313432835,0.0,0,0
4555,氣立,TWSE,38.35,89520.0,3474284.0,0.0,0.0,0.0,822.0,0.23414179104477612,0.0,0,0
4557,永新-KY,TWSE,66.8,183215.0,12259128.0,0.0,0.0,0.0,617.0,0.4253731343283582,0.0,0,0
4560,強信-KY,TWSE,32.2,163000.0,5226300.0,0.0,0.0,0.0,752.0,0.2994402985074627,0.0,0,0
4562,穎漢,TWSE,36.0,247140.0,8975087.0,0.0,0.0,0.0,658.0,0.3871268656716418,0.0,0,0
4564,元翎,TWSE,16.8,767387.0,12714300.0,0.0,0.0,0.0,613.0,0.4291044776119403,0.0,0,0
4566,時碩工業,TWSE,58.0,879886.0,52441593.0,0.0,0.0,0.0,385.0,0.6417910447761194,0.0,0,0
4569,六方科-KY,TWSE,143.5,11305.0,1618962.0,0.0,0.0,0.0,915.0,0.14738805970149255,0.0,0,0
4571,鈞興-KY,TWSE,173.5,228837.0,39953012.0,0.0,0.0,0.0,431.0,0.5988805970149254,0.0,0,0
4572,駐龍,TWSE,145.5,8469.0,1227120.0,0.0,0.0,0.0,950.0,0.11473880597014925,0.0,0,0
4576,大銀微系統,TWSE,114.5,690874.0,79393763.0,0.0,0.0,0.0,328.0,0.6949626865671642,0.0,0,0
4581,光隆精密-KY,TWSE,50.8,7120.0,363120.0,0.0,0.0,0.0,1043.0,0.027985074626865673,0.0,0,0
4583,台灣精銳,TWSE,683.0,178013.0,120790594.0,0.0,0.0,0.0,270.0,0.7490671641791045,0.5,0,0
4585,達明,TWSE,341.5,247432.0,85429142.0,0.0,0.0,0.0,314.0,0.7080223880597015,0.5,0,0
4588,玖鼎電力,TWSE,64.5,65278.0,4205549.0,0.0,0.0,0.0,785.0,0.26865671641791045,0.0,0,0
4590,富田-創,TWSE,78.6,92848.0,7297480.0,0.0,0.0,0.0,694.0,0.353544776119403,0.0,0,0
4720,德淵,TWSE,16.15,492750.0,7950777.0,0.0,0.0,0.0,684.0,0.3628731343283582,0.0,0,0
4722,國精化,TWSE,166.5,867661.0,144126948.0,0.0,0.0,0.0,253.0,0.7649253731343284,0.5,0,0
4736,泰博,TWSE,126.5,340959.0,42910123.0,0.0,0.0,0.0,419.0,0.6100746268656716,0.0,0,0
4737,華廣,TWSE,54.8,918973.0,48331303.0,0.0,0.0,0.0,402.0,0.6259328358208955,0.0,0,0
4739,康普,TWSE,68.6,3311232.0,230018955.0,0.0,0.0,0.0,217.0,0.7985074626865671,0.5,0,0
4746,台耀,TWSE,57.5,408952.0,23342798.0,0.0,0.0,0.0,514.0,0.5214552238805971,0.0,0,0
4755,三福化,TWSE,124.5,450589.0,57408676.0,0.0,0.0,0.0,366.0,0.6595149253731343,0.0,0,0
4763,材料*-KY,TWSE,48.9,8287329.0,405342457.0,0.0,0.0,0.0,168.0,0.8442164179104478,0.5,0,0
4764,雙鍵,TWSE,101.0,790059.0,79723600.0,0.0,0.0,0.0,326.0,0.6968283582089553,0.0,0,0
4766,南寶,TWSE,315.0,268965.0,84517149.0,0.0,0.0,0.0,317.0,0.7052238805970149,0.5,0,0
4770,上品,TWSE,244.0,475015.0,115570587.0,0.0,0.0,0.0,275.0,0.7444029850746269,0.5,0,0
4771,望隼,TWSE,179.5,75372.0,13467957.0,0.0,0.0,0.0,601.0,0.44029850746268656,0.0,0,0
4807,日成-KY,TWSE,17.75,9655.0,172213.0,0.0,0.0,0.0,1060.0,0.012126865671641791,0.0,0,0
4904,遠傳,TWSE,92.0,6679409.0,615512329.0,0.0,0.0,0.0,129.0,0.8805970149253731,0.5,0,0
4906,正文,TWSE,25.85,6629345.0,171504597.0,0.0,0.0,0.0,233.0,0.7835820895522388,0.5,0,0
4912,聯德控股-KY,TWSE,88.5,315608.0,27867081.0,0.0,0.0,0.0,484.0,0.5494402985074627,0.0,0,0
4915,致伸,TWSE,80.8,1777767.0,143752754.0,0.0,0.0,0.0,254.0,0.7639925373134329,0.5,0,0
4916,事欣科,TWSE,63.3,4604302.0,285550029.0,0.0,0.0,0.0,192.0,0.8218283582089553,0.5,0,0
4919,新唐,TWSE,61.0,6595026.0,401877550.0,0.0,0.0,0.0,170.0,0.8423507462686567,0.5,0,0
4927,泰鼎-KY,TWSE,31.75,3635895.0,115568116.0,0.0,0.0,0.0,276.0,0.7434701492537313,0.5,0,0
4930,燦星網,TWSE,21.6,25895.0,557483.0,0.0,0.0,0.0,1026.0,0.043843283582089554,0.0,0,0
4934,太極,TWSE,16.0,1394287.0,22199687.0,0.0,0.0,0.0,521.0,0.5149253731343284,0.0,0,0
4935,茂林-KY,TWSE,38.4,80056.0,3071021.0,0.0,0.0,0.0,838.0,0.21921641791044777,0.0,0,0
4938,和碩,TWSE,70.7,6399936.0,451397385.0,0.0,0.0,0.0,159.0,0.8526119402985075,0.5,0,0
4942,嘉彰,TWSE,37.5,111244.0,4191380.0,0.0,0.0,0.0,786.0,0.2677238805970149,0.0,0,0
4943,康控-KY,TWSE,11.3,19908.0,224575.0,0.0,0.0,0.0,1053.0,0.018656716417910446,0.0,0,0
4949,有成精密,TWSE,44.5,1323095.0,60299338.0,0.0,0.0,0.0,358.0,0.6669776119402985,0.0,0,0
4952,凌通,TWSE,40.55,638849.0,25827846.0,0.0,0.0,0.0,499.0,0.5354477611940298,0.0,0,0
4956,光鋐,TWSE,24.25,4259799.0,105518477.0,0.0,0.0,0.0,286.0,0.7341417910447762,0.5,0,0
4958,臻鼎-KY,TWSE,180.0,18117378.0,3254756335.0,0.0,0.0,0.0,37.0,0.9664179104477612,1.0,0,0
4960,誠美材,TWSE,13.5,2730059.0,36802905.0,0.0,0.0,0.0,446.0,0.5848880597014925,0.0,0,0
4961,天鈺,TWSE,147.0,442528.0,65222189.0,0.0,0.0,0.0,351.0,0.6735074626865671,0.0,0,0
4967,十銓,TWSE,201.0,6397514.0,1299699443.0,0.0,0.0,0.0,76.0,0.9300373134328358,1.0,0,0
4968,立積,TWSE,120.5,870132.0,104078162.0,0.0,0.0,0.0,289.0,0.7313432835820896,0.5,0,0
4976,佳凌,TWSE,30.85,688005.0,21306760.0,0.0,0.0,0.0,527.0,0.5093283582089553,0.0,0,0
4977,眾達-KY,TWSE,139.0,13268070.0,1835010302.0,0.0,0.0,0.0,55.0,0.9496268656716418,1.0,0,0
4989,榮科,TWSE,45.65,9065624.0,424594348.0,0.0,0.0,0.0,162.0,0.8498134328358209,0.5,0,0
4994,傳奇,TWSE,101.5,20430.0,2072492.0,0.0,0.0,0.0,893.0,0.16791044776119404,0.0,0,0
4999,鑫禾,TWSE,23.2,63435.0,1471184.0,0.0,0.0,0.0,925.0,0.13805970149253732,0.0,0,0
5007,三星,TWSE,58.9,62121.0,3657345.0,0.0,0.0,0.0,811.0,0.24440298507462688,0.0,0,0
5203,訊連,TWSE,75.8,449500.0,34308940.0,0.0,0.0,0.0,456.0,0.5755597014925373,0.0,0,0
5215,科嘉-KY,TWSE,37.4,103733.0,3895067.0,0.0,0.0,0.0,802.0,0.25279850746268656,0.0,0,0
5222,全訊,TWSE,130.0,388040.0,50536291.0,0.0,0.0,0.0,388.0,0.6389925373134329,0.0,0,0
5225,東科-KY,TWSE,97.5,183360.0,17842382.0,0.0,0.0,0.0,559.0,0.47947761194029853,0.0,0,0
5234,達興材料,TWSE,381.0,3501790.0,1326947358.0,0.0,0.0,0.0,75.0,0.9309701492537313,1.0,0,0
5243,乙盛-KY,TWSE,82.6,4029480.0,339570198.0,0.0,0.0,0.0,178.0,0.8348880597014925,0.5,0,0
5244,弘凱,TWSE,37.35,78395.0,2940395.0,0.0,0.0,0.0,844.0,0.21361940298507462,0.0,0,0
5258,虹堡,TWSE,54.8,221341.0,12128899.0,0.0,0.0,0.0,619.0,0.42350746268656714,0.0,0,0
5269,祥碩,TWSE,1300.0,1188514.0,1529600810.0,0.0,0.0,0.0,62.0,0.9430970149253731,1.0,0,0
5283,禾聯碩,TWSE,59.3,138310.0,8187542.0,0.0,0.0,0.0,676.0,0.37033582089552236,0.0,0,0
5284,jpp-KY,TWSE,255.5,329668.0,84703199.0,0.0,0.0,0.0,315.0,0.707089552238806,0.5,0,0
5285,界霖,TWSE,51.4,135783.0,7004781.0,0.0,0.0,0.0,701.0,0.34701492537313433,0.0,0,0
5288,豐祥-KY,TWSE,148.5,362330.0,54486191.0,0.0,0.0,0.0,379.0,0.6473880597014925,0.0,0,0
5292,華懋,TWSE,184.0,252669.0,45916796.0,0.0,0.0,0.0,409.0,0.6194029850746269,0.0,0,0
5306,桂盟,TWSE,91.5,122923.0,11185318.0,0.0,0.0,0.0,629.0,0.4141791044776119,0.0,0,0
5388,中磊,TWSE,82.4,4147310.0,339078892.0,0.0,0.0,0.0,179.0,0.8339552238805971,0.5,0,0
5434,崇越,TWSE,318.0,1565368.0,501045095.0,0.0,0.0,0.0,150.0,0.8610074626865671,0.5,0,0
5469,瀚宇博,TWSE,94.5,3287701.0,311333253.0,0.0,0.0,0.0,189.0,0.8246268656716418,0.5,0,0
5471,松翰,TWSE,38.25,1518345.0,58576021.0,0.0,0.0,0.0,362.0,0.6632462686567164,0.0,0,0
5484,慧友,TWSE,38.3,139563.0,5336423.0,0.0,0.0,0.0,746.0,0.3050373134328358,0.0,0,0
5515,建國,TWSE,33.1,460719.0,15029704.0,0.0,0.0,0.0,586.0,0.4542910447761194,0.0,0,0
5519,隆大,TWSE,30.5,234380.0,7104018.0,0.0,0.0,0.0,699.0,0.34888059701492535,0.0,0,0
5521,工信,TWSE,20.05,6209930.0,124127584.0,0.0,0.0,0.0,268.0,0.7509328358208955,0.5,0,0
5522,遠雄,TWSE,67.0,491377.0,32672161.0,0.0,0.0,0.0,465.0,0.5671641791044776,0.0,0,0
5525,順天,TWSE,26.1,57210.0,1482527.0,0.0,0.0,0.0,924.0,0.13899253731343283,0.0,0,0
5531,鄉林,TWSE,9.0,309919.0,2786223.0,0.0,0.0,0.0,852.0,0.20615671641791045,0.0,0,0
5533,皇鼎,TWSE,14.15,247603.0,3498488.0,0.0,0.0,0.0,819.0,0.23694029850746268,0.0,0,0
5534,長虹,TWSE,77.4,494015.0,37950230.0,0.0,0.0,0.0,440.0,0.5904850746268657,0.0,0,0
5538,東明-KY,TWSE,30.7,74564.0,2290960.0,0.0,0.0,0.0,884.0,0.17630597014925373,0.0,0,0
5546,永固-KY,TWSE,22.2,11000.0,243700.0,0.0,0.0,0.0,1051.0,0.020522388059701493,0.0,0,0
5607,遠雄港,TWSE,48.9,1199442.0,58384488.0,0.0,0.0,0.0,364.0,0.6613805970149254,0.0,0,0
5608,四維航,TWSE,17.75,1966103.0,34775318.0,0.0,0.0,0.0,454.0,0.5774253731343284,0.0,0,0
5706,鳳凰,TWSE,50.9,271497.0,13770981.0,0.0,0.0,0.0,595.0,0.4458955223880597,0.0,0,0
5871,中租-KY,TWSE,105.5,4756161.0,501848582.0,0.0,0.0,0.0,149.0,0.8619402985074627,0.5,0,0
5876,上海商銀,TWSE,40.5,7730051.0,312677320.0,0.0,0.0,0.0,188.0,0.8255597014925373,0.5,0,0
5880,合庫金,TWSE,23.9,16957754.0,404096126.0,0.0,0.0,0.0,169.0,0.8432835820895522,0.5,0,0
5906,台南-KY,TWSE,51.8,3000.0,152700.0,0.0,0.0,0.0,1064.0,0.008395522388059701,0.0,0,0
5907,大洋-KY,TWSE,5.92,456745.0,2702995.0,0.0,0.0,0.0,859.0,0.19962686567164178,0.0,0,0
6005,群益證,TWSE,28.8,3732638.0,107725257.0,0.0,0.0,0.0,285.0,0.7350746268656716,0.5,0,0
6024,群益期,TWSE,52.8,1105294.0,58435900.0,0.0,0.0,0.0,363.0,0.6623134328358209,0.0,0,0
6108,競國,TWSE,14.1,106664.0,1509744.0,0.0,0.0,0.0,922.0,0.14085820895522388,0.0,0,0
6112,邁達特,TWSE,44.25,488586.0,21665158.0,0.0,0.0,0.0,526.0,0.5102611940298507,0.0,0,0
6115,鎰勝,TWSE,47.2,129815.0,6108913.0,0.0,0.0,0.0,723.0,0.32649253731343286,0.0,0,0
6116,彩晶,TWSE,8.18,11863832.0,97205110.0,0.0,0.0,0.0,298.0,0.7229477611940298,0.5,0,0
6117,迎廣,TWSE,75.2,334692.0,25358828.0,0.0,0.0,0.0,500.0,0.5345149253731343,0.0,0,0
6120,達運,TWSE,12.35,2533005.0,31253713.0,0.0,0.0,0.0,469.0,0.5634328358208955,0.0,0,0
6128,上福,TWSE,23.65,105079.0,2494857.0,0.0,0.0,0.0,871.0,0.1884328358208955,0.0,0,0
6133,金橋,TWSE,23.5,2284319.0,53393969.0,0.0,0.0,0.0,383.0,0.6436567164179104,0.0,0,0
6136,富爾特,TWSE,24.1,166904.0,4005568.0,0.0,0.0,0.0,796.0,0.2583955223880597,0.0,0,0
6139,亞翔,TWSE,524.0,1608242.0,845549987.0,0.0,0.0,0.0,108.0,0.9001865671641791,1.0,0,0
6141,柏承,TWSE,10.65,83542.0,891985.0,0.0,0.0,0.0,982.0,0.08488805970149253,0.0,0,0
6142,友勁,TWSE,9.62,373874.0,3617515.0,0.0,0.0,0.0,815.0,0.24067164179104478,0.0,0,0
6152,百一,TWSE,14.85,4922454.0,73212084.0,0.0,0.0,0.0,336.0,0.6875,0.0,0,0
6153,嘉聯益,TWSE,15.75,2975279.0,46736063.0,0.0,0.0,0.0,404.0,0.6240671641791045,0.0,0,0
6155,鈞寶,TWSE,45.25,1291888.0,59195882.0,0.0,0.0,0.0,360.0,0.6651119402985075,0.0,0,0
6164,華興,TWSE,12.1,171492.0,2071583.0,0.0,0.0,0.0,894.0,0.1669776119402985,0.0,0,0
6165,浪凡,TWSE,43.0,192481.0,8187997.0,0.0,0.0,0.0,675.0,0.3712686567164179,0.0,0,0
6166,凌華,TWSE,59.7,223665.0,13384642.0,0.0,0.0,0.0,604.0,0.4375,0.0,0,0
6168,宏齊,TWSE,20.05,770428.0,15555630.0,0.0,0.0,0.0,576.0,0.46361940298507465,0.0,0,0
6176,瑞儀,TWSE,125.5,1159440.0,144631444.0,0.0,0.0,0.0,252.0,0.7658582089552238,0.5,0,0
6177,達麗,TWSE,47.85,880867.0,41827083.0,0.0,0.0,0.0,425.0,0.6044776119402985,0.0,0,0
6183,關貿,TWSE,95.1,27919.0,2652477.0,0.0,0.0,0.0,863.0,0.1958955223880597,0.0,0,0
6184,大豐電,TWSE,47.9,23682.0,1131733.0,0.0,0.0,0.0,959.0,0.10634328358208955,0.0,0,0
6189,豐藝,TWSE,46.7,2164247.0,101279665.0,0.0,0.0,0.0,294.0,0.726679104477612,0.5,0,0
6191,精成科,TWSE,105.0,2342751.0,247071826.0,0.0,0.0,0.0,207.0,0.8078358208955224,0.5,0,0
6192,巨路,TWSE,122.5,301601.0,37018894.0,0.0,0.0,0.0,443.0,0.5876865671641791,0.0,0,0
6196,帆宣,TWSE,265.0,519003.0,136497985.0,0.0,0.0,0.0,260.0,0.7583955223880597,0.5,0,0
6197,佳必琪,TWSE,145.5,743475.0,108100952.0,0.0,0.0,0.0,284.0,0.7360074626865671,0.5,0,0
6201,亞弘電,TWSE,54.0,21212.0,1142112.0,0.0,0.0,0.0,957.0,0.10820895522388059,0.0,0,0
6202,盛群,TWSE,53.7,16860472.0,897019685.0,0.0,0.0,0.0,105.0,0.9029850746268657,1.0,0,0
6205,詮欣,TWSE,49.05,319495.0,15637735.0,0.0,0.0,0.0,575.0,0.46455223880597013,0.0,0,0
6206,飛捷,TWSE,92.6,599001.0,55193266.0,0.0,0.0,0.0,375.0,0.6511194029850746,0.0,0,0
6209,今國光,TWSE,58.6,3657620.0,214442123.0,0.0,0.0,0.0,222.0,0.7938432835820896,0.5,0,0
6213,聯茂,TWSE,118.5,8202383.0,979312220.0,0.0,0.0,0.0,98.0,0.9095149253731343,1.0,0,0
6214,精誠,TWSE,112.0,821476.0,91515515.0,0.0,0.0,0.0,305.0,0.7164179104477612,0.5,0,0
6215,和椿,TWSE,111.5,1129458.0,126316713.0,0.0,0.0,0.0,267.0,0.7518656716417911,0.5,0,0
6216,居易,TWSE,27.05,62562.0,1692418.0,0.0,0.0,0.0,909.0,0.15298507462686567,0.0,0,0
6224,聚鼎,TWSE,40.55,129660.0,5274651.0,0.0,0.0,0.0,749.0,0.30223880597014924,0.0,0,0
6225,天瀚,TWSE,18.55,25238.0,462079.0,0.0,0.0,0.0,1034.0,0.036380597014925374,0.0,0,0
6226,光鼎,TWSE,8.83,153565.0,1349402.0,0.0,0.0,0.0,938.0,0.1259328358208955,0.0,0,0
6230,尼得科超眾,TWSE,120.0,114196.0,13739911.0,0.0,0.0,0.0,596.0,0.4449626865671642,0.0,0,0
6235,華孚,TWSE,58.7,347511.0,20419251.0,0.0,0.0,0.0,536.0,0.5009328358208955,0.0,0,0
6239,力成,TWSE,240.0,6978058.0,1689006932.0,0.0,0.0,0.0,58.0,0.9468283582089553,1.0,0,0
6243,迅杰,TWSE,33.5,77790.0,2627684.0,0.0,0.0,0.0,865.0,0.19402985074626866,0.0,0,0
6257,矽格,TWSE,126.5,6652190.0,849908802.0,0.0,0.0,0.0,106.0,0.9020522388059702,1.0,0,0
6269,台郡,TWSE,61.4,4172730.0,257336526.0,0.0,0.0,0.0,203.0,0.8115671641791045,0.5,0,0
6271,同欣電,TWSE,157.0,10299253.0,1632033677.0,0.0,0.0,0.0,60.0,0.9449626865671642,1.0,0,0
6272,驊陞,TWSE,39.85,571252.0,22813918.0,0.0,0.0,0.0,517.0,0.5186567164179104,0.0,0,0
6277,宏正,TWSE,59.5,97158.0,5785713.0,0.0,0.0,0.0,732.0,0.3180970149253731,0.0,0,0
6278,台表科,TWSE,97.4,1151744.0,111841812.0,0.0,0.0,0.0,281.0,0.7388059701492538,0.5,0,0
6281,全國電,TWSE,60.5,79058.0,4782717.0,0.0,0.0,0.0,763.0,0.2891791044776119,0.0,0,0
6282,康舒,TWSE,47.3,25572194.0,1228768766.0,0.0,0.0,0.0,79.0,0.9272388059701493,1.0,0,0
6283,淳安,TWSE,22.0,266850.0,5847429.0,0.0,0.0,0.0,730.0,0.3199626865671642,0.0,0,0
6285,啟碁,TWSE,172.5,37893723.0,6505293168.0,0.0,0.0,0.0,22.0,0.980410447761194,1.0,0,0
6405,悅城,TWSE,30.45,722727.0,22049282.0,0.0,0.0,0.0,524.0,0.5121268656716418,0.0,0,0
6409,旭隼,TWSE,891.0,436195.0,387798779.0,0.0,0.0,0.0,174.0,0.8386194029850746,0.5,0,0
6412,群電,TWSE,91.1,2228394.0,201629075.0,0.0,0.0,0.0,223.0,0.792910447761194,0.5,0,0
6414,樺漢,TWSE,278.0,1848534.0,511640809.0,0.0,0.0,0.0,146.0,0.8647388059701493,0.5,0,0
6415,矽力*-KY,TWSE,266.5,5263111.0,1407176329.0,0.0,0.0,0.0,72.0,0.933768656716418,1.0,0,0
6416,瑞祺電通,TWSE,81.3,445124.0,36148698.0,0.0,0.0,0.0,448.0,0.5830223880597015,0.0,0,0
6426,統新,TWSE,141.0,2849558.0,391221620.0,0.0,0.0,0.0,172.0,0.8404850746268657,0.5,0,0
6431,光麗-KY,TWSE,26.1,188721.0,4889082.0,0.0,0.0,0.0,758.0,0.29384328358208955,0.0,0,0
6438,迅得,TWSE,148.5,776324.0,116091792.0,0.0,0.0,0.0,274.0,0.7453358208955224,0.5,0,0
6442,光聖,TWSE,1985.0,1317996.0,2567860220.0,0.0,0.0,0.0,48.0,0.9561567164179104,1.0,0,0
6443,元晶,TWSE,37.7,49548196.0,1893143873.0,0.0,0.0,0.0,54.0,0.9505597014925373,1.0,0,0
6446,藥華藥,TWSE,728.0,720314.0,524470538.0,0.0,0.0,0.0,143.0,0.8675373134328358,0.5,0,0
6449,鈺邦,TWSE,157.5,198933.0,31460755.0,0.0,0.0,0.0,468.0,0.5643656716417911,0.0,0,0
6451,訊芯-KY,TWSE,177.5,3445514.0,600145680.0,0.0,0.0,0.0,130.0,0.8796641791044776,0.5,0,0
6456,GIS-KY,TWSE,43.7,3064981.0,133836183.0,0.0,0.0,0.0,262.0,0.7565298507462687,0.5,0,0
6464,台數科,TWSE,78.0,41376.0,3214485.0,0.0,0.0,0.0,834.0,0.22294776119402984,0.0,0,0
6472,保瑞,TWSE,543.0,1129333.0,617641676.0,0.0,0.0,0.0,128.0,0.8815298507462687,0.5,0,0
6477,安集,TWSE,33.25,1023761.0,34133680.0,0.0,0.0,0.0,457.0,0.5746268656716418,0.0,0,0
6491,晶碩,TWSE,291.0,319728.0,92707116.0,0.0,0.0,0.0,302.0,0.7192164179104478,0.5,0,0
6504,南六,TWSE,42.6,104806.0,4434280.0,0.0,0.0,0.0,774.0,0.2789179104477612,0.0,0,0
6505,台塑化,TWSE,49.0,5524354.0,270970472.0,0.0,0.0,0.0,197.0,0.8171641791044776,0.5,0,0
6515,穎崴,TWSE,4895.0,465242.0,2231945430.0,0.0,0.0,0.0,51.0,0.9533582089552238,1.0,0,0
6525,捷敏-KY,TWSE,79.5,167419.0,13257288.0,0.0,0.0,0.0,607.0,0.43470149253731344,0.0,0,0
6526,達發,TWSE,447.0,197857.0,88535879.0,0.0,0.0,0.0,308.0,0.7136194029850746,0.5,0,0
6531,愛普*,TWSE,410.0,1187984.0,484196692.0,0.0,0.0,0.0,152.0,0.8591417910447762,0.5,0,0
6533,晶心科,TWSE,228.5,272508.0,61259471.0,0.0,0.0,0.0,355.0,0.6697761194029851,0.0,0,0
6534,正瀚-創,TWSE,84.1,105168.0,8910829.0,0.0,0.0,0.0,662.0,0.3833955223880597,0.0,0,0
6541,泰福-KY,TWSE,49.0,774318.0,37657157.0,0.0,0.0,0.0,441.0,0.5895522388059702,0.0,0,0
6550,北極星藥業-KY,TWSE,29.25,826398.0,24078766.0,0.0,0.0,0.0,509.0,0.5261194029850746,0.0,0,0
6552,易華電,TWSE,30.1,142293.0,4308029.0,0.0,0.0,0.0,780.0,0.2733208955223881,0.0,0,0
6558,興能高,TWSE,33.9,534469.0,18212644.0,0.0,0.0,0.0,553.0,0.48507462686567165,0.0,0,0
6573,虹揚-KY,TWSE,14.55,153414.0,2218609.0,0.0,0.0,0.0,890.0,0.1707089552238806,0.0,0,0
6579,研揚,TWSE,113.5,82815.0,9375671.0,0.0,0.0,0.0,650.0,0.394589552238806,0.0,0,0
6581,鋼聯,TWSE,108.5,18102.0,1947488.0,0.0,0.0,0.0,900.0,0.16138059701492538,0.0,0,0
6582,申豐,TWSE,31.85,28078.0,894673.0,0.0,0.0,0.0,980.0,0.08675373134328358,0.0,0,0
6585,鼎基,TWSE,88.8,40593.0,3625567.0,0.0,0.0,0.0,814.0,0.2416044776119403,0.0,0,0
6589,台康生技,TWSE,61.0,464320.0,28281413.0,0.0,0.0,0.0,481.0,0.5522388059701493,0.0,0,0
6591,動力-KY,TWSE,66.0,279150.0,18572963.0,0.0,0.0,0.0,549.0,0.48880597014925375,0.0,0,0
6592,和潤企業,TWSE,60.7,901629.0,54859431.0,0.0,0.0,0.0,378.0,0.648320895522388,0.0,0,0
6598,ABC-KY,TWSE,24.05,1598272.0,38331189.0,0.0,0.0,0.0,439.0,0.5914179104477612,0.0,0,0
6605,帝寶,TWSE,146.5,269318.0,38988023.0,0.0,0.0,0.0,435.0,0.5951492537313433,0.0,0,0
6606,建德工業,TWSE,25.05,79203.0,1996561.0,0.0,0.0,0.0,897.0,0.16417910447761194,0.0,0,0
6614,資拓宏宇,TWSE,45.0,123860.0,5534985.0,0.0,0.0,0.0,743.0,0.30783582089552236,0.0,0,0
6625,必應,TWSE,83.4,142662.0,11817627.0,0.0,0.0,0.0,623.0,0.4197761194029851,0.0,0,0
6641,基士德-KY,TWSE,21.0,45498.0,956158.0,0.0,0.0,0.0,972.0,0.09421641791044776,0.0,0,0
6645,金萬林-創,TWSE,17.5,38183.0,672002.0,0.0,0.0,0.0,1010.0,0.058768656716417914,0.0,0,0
6655,科定,TWSE,121.5,29404.0,3609613.0,0.0,0.0,0.0,816.0,0.23973880597014927,0.0,0,0
6657,華安,TWSE,45.25,284153.0,12927489.0,0.0,0.0,0.0,611.0,0.43097014925373134,0.0,0,0
6658,聯策,TWSE,54.8,131466.0,7147836.0,0.0,0.0,0.0,696.0,0.3516791044776119,0.0,0,0
6666,羅麗芬-KY,TWSE,43.75,30046.0,1321392.0,0.0,0.0,0.0,942.0,0.12220149253731344,0.0,0,0
6668,中揚光,TWSE,37.5,112178.0,4224529.0,0.0,0.0,0.0,784.0,0.269589552238806,0.0,0,0
6669,緯穎,TWSE,3685.0,1762593.0,6452875280.0,0.0,0.0,0.0,23.0,0.9794776119402985,1.0,0,0
6670,復盛應用,TWSE,265.0,982012.0,258887819.0,0.0,0.0,0.0,202.0,0.8125,0.5,0,0
6671,三能-KY,TWSE,36.75,16104.0,597834.0,0.0,0.0,0.0,1021.0,0.048507462686567165,0.0,0,0
6672,騰輝電子-KY,TWSE,96.4,1560891.0,150991638.0,0.0,0.0,0.0,246.0,0.7714552238805971,0.5,0,0
6674,鋐寶科技,TWSE,19.95,23000.0,457600.0,0.0,0.0,0.0,1035.0,0.03544776119402985,0.0,0,0
6689,伊雲谷,TWSE,60.3,111577.0,6764812.0,0.0,0.0,0.0,705.0,0.34328358208955223,0.0,0,0
6691,洋基工程,TWSE,596.0,883077.0,520133912.0,0.0,0.0,0.0,145.0,0.8656716417910447,0.5,0,0
6695,芯鼎,TWSE,42.75,91523.0,3893016.0,0.0,0.0,0.0,803.0,0.251865671641791,0.0,0,0
6698,旭暉應材,TWSE,32.75,173146.0,5681169.0,0.0,0.0,0.0,735.0,0.31529850746268656,0.0,0,0
6706,惠特,TWSE,114.5,5656212.0,644839984.0,0.0,0.0,0.0,123.0,0.8861940298507462,0.5,0,0
6715,嘉基,TWSE,144.0,679110.0,100790748.0,0.0,0.0,0.0,295.0,0.7257462686567164,0.5,0,0
6719,力智,TWSE,185.0,200658.0,37218031.0,0.0,0.0,0.0,442.0,0.5886194029850746,0.0,0,0
6722,輝創,TWSE,43.7,81640.0,3549899.0,0.0,0.0,0.0,818.0,0.23787313432835822,0.0,0,0
6742,澤米,TWSE,42.95,136108.0,5890167.0,0.0,0.0,0.0,728.0,0.3218283582089552,0.0,0,0
6743,安普新,TWSE,26.8,117348.0,3124713.0,0.0,0.0,0.0,836.0,0.22108208955223882,0.0,0,0
6753,龍德造船,TWSE,140.0,633481.0,88339711.0,0.0,0.0,0.0,311.0,0.710820895522388,0.5,0,0
6754,匯僑設計,TWSE,41.1,127800.0,5310141.0,0.0,0.0,0.0,748.0,0.3031716417910448,0.0,0,0
6756,威鋒電子,TWSE,79.0,100907.0,7976234.0,0.0,0.0,0.0,683.0,0.36380597014925375,0.0,0,0
6757,台灣虎航,TWSE,65.3,567459.0,36837732.0,0.0,0.0,0.0,445.0,0.585820895522388,0.0,0,0
6768,志強-KY,TWSE,100.5,288491.0,28843016.0,0.0,0.0,0.0,478.0,0.5550373134328358,0.0,0,0
6770,力積電,TWSE,64.3,192703938.0,12354135705.0,0.0,0.0,0.0,10.0,0.9916044776119403,1.0,0,1
6771,平和環保-創,TWSE,44.0,13397.0,589858.0,0.0,0.0,0.0,1023.0,0.04664179104477612,0.0,0,0
6776,展碁國際,TWSE,58.5,344978.0,20090301.0,0.0,0.0,0.0,542.0,0.49533582089552236,0.0,0,0
6781,AES-KY,TWSE,1130.0,868320.0,988003295.0,0.0,0.0,0.0,96.0,0.9113805970149254,1.0,0,0
6782,視陽,TWSE,174.0,140950.0,24520563.0,0.0,0.0,0.0,506.0,0.5289179104477612,0.0,0,0
6789,采鈺,TWSE,300.5,5092402.0,1527276669.0,0.0,0.0,0.0,63.0,0.9421641791044776,1.0,0,0
6790,永豐實,TWSE,37.5,821198.0,30537800.0,0.0,0.0,0.0,471.0,0.5615671641791045,0.0,0,0
6792,詠業,TWSE,57.0,71105.0,4044060.0,0.0,0.0,0.0,794.0,0.26026119402985076,0.0,0,0
6794,向榮生技,TWSE,86.9,27301.0,2352844.0,0.0,0.0,0.0,878.0,0.18190298507462688,0.0,0,0
6796,晉弘,TWSE,87.0,63933.0,5587251.0,0.0,0.0,0.0,739.0,0.31156716417910446,0.0,0,0
6799,來頡,TWSE,82.5,210145.0,17251125.0,0.0,0.0,0.0,563.0,0.47574626865671643,0.0,0,0
6805,富世達,TWSE,1580.0,1381196.0,2166331470.0,0.0,0.0,0.0,52.0,0.9524253731343284,1.0,0,0
6806,森崴能源,TWSE,45.2,534627.0,24171161.0,0.0,0.0,0.0,507.0,0.5279850746268657,0.0,0,0
6807,峰源-KY,TWSE,45.55,6515.0,296515.0,0.0,0.0,0.0,1046.0,0.025186567164179104,0.0,0,0
6830,汎銓,TWSE,222.0,5424590.0,1223024191.0,0.0,0.0,0.0,80.0,0.9263059701492538,1.0,0,0
6831,邁科,TWSE,269.0,1131370.0,293291342.0,0.0,0.0,0.0,191.0,0.8227611940298507,0.5,0,0
6834,天二科技,TWSE,30.75,283914.0,8759697.0,0.0,0.0,0.0,666.0,0.37966417910447764,0.0,0,0
6835,圓裕,TWSE,39.5,71514.0,2802048.0,0.0,0.0,0.0,851.0,0.20708955223880596,0.0,0,0
6838,台新藥,TWSE,27.0,123525.0,3339533.0,0.0,0.0,0.0,825.0,0.23134328358208955,0.0,0,0
6854,錼創科技-KY創,TWSE,116.5,723216.0,84535093.0,0.0,0.0,0.0,316.0,0.7061567164179104,0.5,0,0
6861,睿生光電,TWSE,71.3,694182.0,49831129.0,0.0,0.0,0.0,391.0,0.6361940298507462,0.0,0,0
6862,三集瑞-KY,TWSE,174.0,356440.0,62046011.0,0.0,0.0,0.0,353.0,0.6716417910447762,0.0,0,0
6863,永道-KY,TWSE,110.5,102545.0,11187191.0,0.0,0.0,0.0,628.0,0.41511194029850745,0.0,0,0
6869,雲豹能源,TWSE,106.0,732190.0,77491668.0,0.0,0.0,0.0,329.0,0.6940298507462687,0.0,0,0
6873,泓德能源,TWSE,113.5,502166.0,57236690.0,0.0,0.0,0.0,368.0,0.6576492537313433,0.0,0,0
6885,全福生技,TWSE,28.4,625840.0,17712482.0,0.0,0.0,0.0,560.0,0.478544776119403,0.0,0,0
6887,寶綠特-KY,TWSE,48.3,734975.0,35299701.0,0.0,0.0,0.0,451.0,0.5802238805970149,0.0,0,0
6890,來億-KY,TWSE,209.0,402526.0,83708471.0,0.0,0.0,0.0,321.0,0.7014925373134329,0.5,0,0
6901,鑽石投資,TWSE,16.1,546603.0,8857228.0,0.0,0.0,0.0,664.0,0.38152985074626866,0.0,0,0
6902,GOGOLOOK,TWSE,78.5,9136.0,718847.0,0.0,0.0,0.0,1002.0,0.06623134328358209,0.0,0,0
6906,現觀科,TWSE,70.0,93299.0,6590053.0,0.0,0.0,0.0,712.0,0.33675373134328357,0.0,0,0
6909,創控,TWSE,40.8,211327.0,8666129.0,0.0,0.0,0.0,668.0,0.37779850746268656,0.0,0,0
6914,阜爾運通,TWSE,145.0,96164.0,13836328.0,0.0,0.0,0.0,594.0,0.4468283582089552,0.0,0,0
6916,華凌,TWSE,18.1,72216.0,1305617.0,0.0,0.0,0.0,943.0,0.12126865671641791,0.0,0,0
6918,愛派司,TWSE,83.4,41856.0,3475208.0,0.0,0.0,0.0,821.0,0.23507462686567165,0.0,0,0
6919,康霈*,TWSE,149.5,15725458.0,2406266737.0,0.0,0.0,0.0,49.0,0.9552238805970149,1.0,0,0
6921,嘉雨思-創,TWSE,78.0,104641.0,8145420.0,0.0,0.0,0.0,678.0,0.36847014925373134,0.0,0,0
6923,中台,TWSE,92.0,496228.0,45311996.0,0.0,0.0,0.0,411.0,0.6175373134328358,0.0,0,0
6924,榮惠-KY創,TWSE,56.9,16004.0,900330.0,0.0,0.0,0.0,979.0,0.08768656716417911,0.0,0,0
6928,攸泰科技,TWSE,49.1,163162.0,8082050.0,0.0,0.0,0.0,680.0,0.3666044776119403,0.0,0,0
6931,青松健康,TWSE,53.9,115316.0,6215959.0,0.0,0.0,0.0,721.0,0.3283582089552239,0.0,0,0
6933,AMAX-KY,TWSE,135.5,69316.0,9282708.0,0.0,0.0,0.0,653.0,0.3917910447761194,0.0,0,0
6934,心誠鎂,TWSE,123.0,403919.0,49305661.0,0.0,0.0,0.0,396.0,0.6315298507462687,0.0,0,0
6936,永鴻生技,TWSE,36.15,25951.0,937277.0,0.0,0.0,0.0,975.0,0.0914179104477612,0.0,0,0
6937,天虹,TWSE,223.5,1046412.0,241550476.0,0.0,0.0,0.0,211.0,0.8041044776119403,0.5,0,0
6944,兆聯實業,TWSE,667.0,1776393.0,1185495106.0,0.0,0.0,0.0,82.0,0.9244402985074627,1.0,0,0
6949,沛爾生醫-創,TWSE,688.0,67895.0,46722860.0,0.0,0.0,0.0,405.0,0.6231343283582089,0.0,0,0
6951,青新-創,TWSE,77.0,121630.0,9333985.0,0.0,0.0,0.0,651.0,0.39365671641791045,0.0,0,0
6952,大武山,TWSE,43.4,30150.0,1304383.0,0.0,0.0,0.0,944.0,0.12033582089552239,0.0,0,0
6955,邦睿生技-創,TWSE,171.0,4039.0,694212.0,0.0,0.0,0.0,1004.0,0.06436567164179105,0.0,0,0
6957,裕慶-KY,TWSE,180.0,146714.0,26275224.0,0.0,0.0,0.0,496.0,0.5382462686567164,0.0,0,0
6958,日盛台駿,TWSE,15.35,114148.0,1749256.0,0.0,0.0,0.0,906.0,0.15578358208955223,0.0,0,0
6962,奕力-KY,TWSE,36.25,8604763.0,318641726.0,0.0,0.0,0.0,186.0,0.8274253731343284,0.5,0,0
6965,中傑-KY,TWSE,83.0,50401.0,4181459.0,0.0,0.0,0.0,789.0,0.26492537313432835,0.0,0,0
6969,成信實業*-創,TWSE,31.05,61026.0,1896167.0,0.0,0.0,0.0,902.0,0.15951492537313433,0.0,0,0
6988,威力暘-創,TWSE,19.0,35038.0,664198.0,0.0,0.0,0.0,1011.0,0.05783582089552239,0.0,0,0
6994,富威電力,TWSE,90.4,307892.0,27882647.0,0.0,0.0,0.0,483.0,0.5503731343283582,0.0,0,0
7610,聯友金屬-創,TWSE,265.0,2346565.0,586456450.0,0.0,0.0,0.0,134.0,0.8759328358208955,0.5,0,0
7631,聚賢研發-創,TWSE,120.5,13408.0,1617963.0,0.0,0.0,0.0,916.0,0.146455223880597,0.0,0,0
7705,三商餐飲,TWSE,39.75,18586.0,738739.0,0.0,0.0,0.0,998.0,0.06996268656716417,0.0,0,0
7711,永擎,TWSE,227.0,158773.0,35865490.0,0.0,0.0,0.0,450.0,0.5811567164179104,0.0,0,0
7721,微程式,TWSE,47.5,61251.0,2907477.0,0.0,0.0,0.0,846.0,0.21175373134328357,0.0,0,0
7722,LINEPAY,TWSE,430.0,124418.0,53473823.0,0.0,0.0,0.0,382.0,0.644589552238806,0.0,0,0
7730,暉盛-創,TWSE,102.0,48431.0,4922307.0,0.0,0.0,0.0,756.0,0.2957089552238806,0.0,0,0
7732,金興精密,TWSE,37.95,3070.0,116292.0,0.0,0.0,0.0,1067.0,0.005597014925373134,0.0,0,0
7736,虎山,TWSE,89.1,13540.0,1198439.0,0.0,0.0,0.0,951.0,0.11380597014925373,0.0,0,0
7740,熙特爾-創,TWSE,145.5,85209.0,12338584.0,0.0,0.0,0.0,616.0,0.42630597014925375,0.0,0,0
7749,意騰-KY,TWSE,437.5,344478.0,150760490.0,0.0,0.0,0.0,247.0,0.7705223880597015,0.5,0,0
7750,新代,TWSE,1150.0,457417.0,523294080.0,0.0,0.0,0.0,144.0,0.8666044776119403,0.5,0,0
7765,中華資安,TWSE,261.0,19701.0,5165288.0,0.0,0.0,0.0,753.0,0.29850746268656714,0.0,0,0
7769,鴻勁,TWSE,4000.0,1618566.0,6425261025.0,0.0,0.0,0.0,24.0,0.9785447761194029,1.0,0,0
7780,大研生醫*,TWSE,24.4,11588838.0,284090325.0,0.0,0.0,0.0,193.0,0.8208955223880597,0.5,0,0
7786,東方風能,TWSE,149.5,142282.0,20834498.0,0.0,0.0,0.0,531.0,0.5055970149253731,0.0,0,0
7788,松川精密,TWSE,172.5,508051.0,86717981.0,0.0,0.0,0.0,313.0,0.7089552238805971,0.5,0,0
7791,皇家可口,TWSE,69.4,79430.0,5504839.0,0.0,0.0,0.0,744.0,0.3069029850746269,0.0,0,0
7795,長廣,TWSE,357.5,989183.0,359166167.0,0.0,0.0,0.0,176.0,0.8367537313432836,0.5,0,0
7799,禾榮科,TWSE,446.0,269987.0,119020687.0,0.0,0.0,0.0,272.0,0.7472014925373134,0.5,0,0
7823,奧義賽博-KY創,TWSE,109.5,264079.0,29114519.0,0.0,0.0,0.0,476.0,0.5569029850746269,0.0,0,0
8011,台通,TWSE,20.15,760243.0,15255425.0,0.0,0.0,0.0,583.0,0.457089552238806,0.0,0,0
8016,矽創,TWSE,190.0,442317.0,84474792.0,0.0,0.0,0.0,318.0,0.7042910447761194,0.5,0,0
8021,尖點,TWSE,195.5,15955847.0,3150313932.0,0.0,0.0,0.0,38.0,0.9654850746268657,1.0,0,0
8028,昇陽半導體,TWSE,168.0,1416275.0,237109913.0,0.0,0.0,0.0,214.0,0.8013059701492538,0.5,0,0
8033,雷虎,TWSE,139.5,1745653.0,241877191.0,0.0,0.0,0.0,209.0,0.8059701492537313,0.5,0,0
8039,台虹,TWSE,82.9,3848020.0,324364712.0,0.0,0.0,0.0,183.0,0.8302238805970149,0.5,0,0
8045,達運光電,TWSE,82.5,713120.0,57196106.0,0.0,0.0,0.0,369.0,0.6567164179104478,0.0,0,0
8046,南電,TWSE,409.5,35847050.0,15157342146.0,0.0,0.0,0.0,8.0,0.9934701492537313,1.0,0,1
8070,長華*,TWSE,43.0,1585956.0,68428849.0,0.0,0.0,0.0,345.0,0.6791044776119403,0.0,0,0
8072,陞泰,TWSE,30.35,101386.0,3074516.0,0.0,0.0,0.0,837.0,0.22014925373134328,0.0,0,0
8081,致新,TWSE,229.0,356158.0,81224137.0,0.0,0.0,0.0,324.0,0.6986940298507462,0.0,0,0
8101,華冠,TWSE,15.3,10982.0,167282.0,0.0,0.0,0.0,1063.0,0.009328358208955223,0.0,0,0
8103,瀚荃,TWSE,99.7,4203004.0,420047987.0,0.0,0.0,0.0,164.0,0.8479477611940298,0.5,0,0
8104,錸寶,TWSE,34.5,1267613.0,44423234.0,0.0,0.0,0.0,413.0,0.6156716417910447,0.0,0,0
8105,凌巨,TWSE,12.0,1287903.0,15311875.0,0.0,0.0,0.0,581.0,0.458955223880597,0.0,0,0
8110,華東,TWSE,58.5,19089258.0,1134806164.0,0.0,0.0,0.0,87.0,0.9197761194029851,1.0,0,0
8112,至上,TWSE,71.1,7617279.0,546023343.0,0.0,0.0,0.0,139.0,0.871268656716418,0.5,0,0
8114,振樺電,TWSE,171.5,253382.0,43513048.0,0.0,0.0,0.0,417.0,0.6119402985074627,0.0,0,0
8131,福懋科,TWSE,65.4,5938730.0,389487567.0,0.0,0.0,0.0,173.0,0.8395522388059702,0.5,0,0
8150,南茂,TWSE,53.0,14417425.0,773428031.0,0.0,0.0,0.0,116.0,0.8927238805970149,0.5,0,0
8162,微矽電子-創,TWSE,36.9,39020.0,1431931.0,0.0,0.0,0.0,930.0,0.1333955223880597,0.0,0,0
8163,達方,TWSE,30.5,498673.0,15192629.0,0.0,0.0,0.0,584.0,0.45615671641791045,0.0,0,0
8201,無敵,TWSE,13.95,16502.0,229552.0,0.0,0.0,0.0,1052.0,0.01958955223880597,0.0,0,0
8210,勤誠,TWSE,983.0,2967511.0,2856506901.0,0.0,0.0,0.0,42.0,0.9617537313432836,1.0,0,0
8213,志超,TWSE,35.0,371256.0,12962753.0,0.0,0.0,0.0,610.0,0.4319029850746269,0.0,0,0
8215,明基材,TWSE,20.3,329620.0,6652294.0,0.0,0.0,0.0,710.0,0.33861940298507465,0.0,0,0
8222,寶一,TWSE,39.5,266160.0,10580726.0,0.0,0.0,0.0,634.0,0.40951492537313433,0.0,0,0
8249,菱光,TWSE,60.8,1841479.0,112728750.0,0.0,0.0,0.0,278.0,0.7416044776119403,0.5,0,0
8261,富鼎,TWSE,90.2,810359.0,73504184.0,0.0,0.0,0.0,334.0,0.6893656716417911,0.0,0,0
8271,宇瞻,TWSE,117.0,13528766.0,1632939808.0,0.0,0.0,0.0,59.0,0.9458955223880597,1.0,0,0
8341,日友,TWSE,75.1,254325.0,18967707.0,0.0,0.0,0.0,547.0,0.4906716417910448,0.0,0,0
8367,建新國際,TWSE,42.9,9159.0,392748.0,0.0,0.0,0.0,1041.0,0.029850746268656716,0.0,0,0
8374,羅昇,TWSE,85.5,276189.0,23768758.0,0.0,0.0,0.0,511.0,0.5242537313432836,0.0,0,0
8404,百和興業-KY,TWSE,23.6,411133.0,9674673.0,0.0,0.0,0.0,645.0,0.39925373134328357,0.0,0,0
8411,福貞-KY,TWSE,12.2,71571.0,869280.0,0.0,0.0,0.0,985.0,0.08208955223880597,0.0,0,0
8422,可寧衛*,TWSE,32.15,34580618.0,1108661305.0,0.0,0.0,0.0,90.0,0.9169776119402985,1.0,0,0
8429,金麗-KY,TWSE,7.42,150874.0,1117717.0,0.0,0.0,0.0,961.0,0.1044776119402985,0.0,0,0
8438,昶昕,TWSE,56.9,2422419.0,138684879.0,0.0,0.0,0.0,259.0,0.7593283582089553,0.5,0,0
8442,威宏-KY,TWSE,68.7,24083.0,1661867.0,0.0,0.0,0.0,911.0,0.15111940298507462,0.0,0,0
8443,阿瘦,TWSE,11.55,19094.0,218755.0,0.0,0.0,0.0,1054.0,0.017723880597014924,0.0,0,0
8454,富邦媒,TWSE,188.0,280844.0,52654131.0,0.0,0.0,0.0,384.0,0.6427238805970149,0.0,0,0
8462,柏文,TWSE,141.5,102787.0,14521922.0,0.0,0.0,0.0,589.0,0.45149253731343286,0.0,0,0
8463,潤泰材,TWSE,26.85,51089.0,1375490.0,0.0,0.0,0.0,934.0,0.1296641791044776,0.0,0,0
8464,億豐,TWSE,423.0,768631.0,322380769.0,0.0,0.0,0.0,185.0,0.8283582089552238,0.5,0,0
8466,美吉吉-KY,TWSE,22.1,37124.0,820419.0,0.0,0.0,0.0,988.0,0.07929104477611941,0.0,0,0
8467,波力-KY,TWSE,171.0,128612.0,22391037.0,0.0,0.0,0.0,519.0,0.5167910447761194,0.0,0,0
8473,山林水,TWSE,37.0,358104.0,13217523.0,0.0,0.0,0.0,608.0,0.4337686567164179,0.0,0,0
8476,台境*,TWSE,18.6,844253.0,15364430.0,0.0,0.0,0.0,579.0,0.4608208955223881,0.0,0,0
8478,東哥遊艇,TWSE,182.0,99887.0,18000372.0,0.0,0.0,0.0,555.0,0.4832089552238806,0.0,0,0
8481,政伸,TWSE,41.75,21048.0,873705.0,0.0,0.0,0.0,984.0,0.0830223880597015,0.0,0,0
8482,商億-KY,TWSE,48.05,28002.0,1349446.0,0.0,0.0,0.0,937.0,0.12686567164179105,0.0,0,0
8487,愛爾達-創,TWSE,81.4,11422.0,929446.0,0.0,0.0,0.0,976.0,0.09048507462686567,0.0,0,0
8488,吉源-KY,TWSE,9.93,3326.0,33145.0,0.0,0.0,0.0,1070.0,0.002798507462686567,0.0,0,0
8499,鼎炫-KY,TWSE,285.0,112187.0,31592256.0,0.0,0.0,0.0,467.0,0.5652985074626866,0.0,0,0
8926,台汽電,TWSE,43.55,538314.0,23443320.0,0.0,0.0,0.0,513.0,0.5223880597014925,0.0,0,0
8940,新天地,TWSE,20.0,44351.0,890961.0,0.0,0.0,0.0,983.0,0.08395522388059702,0.0,0,0
8996,高力,TWSE,931.0,6489991.0,6032585146.0,0.0,0.0,0.0,25.0,0.9776119402985075,1.0,0,0
9103,美德醫療-DR,TWSE,5.13,1464873.0,7500819.0,0.0,0.0,0.0,691.0,0.35634328358208955,0.0,0,0
9105,泰金寶-DR,TWSE,5.92,6685829.0,39664413.0,0.0,0.0,0.0,433.0,0.5970149253731343,0.0,0,0
9110,越南控-DR,TWSE,0.0,0.0,0.0,0.0,0.0,0.0,1072.0,0.0009328358208955224,0.0,0,0
9136,巨騰-DR,TWSE,7.56,105026.0,794362.0,0.0,0.0,0.0,989.0,0.07835820895522388,0.0,0,0
9802,鈺齊-KY,TWSE,94.0,1026826.0,96127405.0,0.0,0.0,0.0,300.0,0.7210820895522388,0.5,0,0
9902,台火,TWSE,16.6,193777.0,3248280.0,0.0,0.0,0.0,829.0,0.22761194029850745,0.0,0,0
9904,寶成,TWSE,30.9,5033964.0,155187165.0,0.0,0.0,0.0,244.0,0.773320895522388,0.5,0,0
9905,大華,TWSE,20.25,164642.0,3330445.0,0.0,0.0,0.0,826.0,0.23041044776119404,0.0,0,0
9906,欣巴巴,TWSE,45.0,159985.0,7122918.0,0.0,0.0,0.0,698.0,0.3498134328358209,0.0,0,0
9907,統一實,TWSE,17.75,2447134.0,43501408.0,0.0,0.0,0.0,418.0,0.6110074626865671,0.0,0,0
9908,大台北,TWSE,29.95,60439.0,1807703.0,0.0,0.0,0.0,905.0,0.15671641791044777,0.0,0,0
9910,豐泰,TWSE,92.5,1732915.0,159874642.0,0.0,0.0,0.0,239.0,0.7779850746268657,0.5,0,0
9911,櫻花,TWSE,85.2,194485.0,16533988.0,0.0,0.0,0.0,568.0,0.4710820895522388,0.0,0,0
9912,偉聯,TWSE,12.0,17640.0,211589.0,0.0,0.0,0.0,1055.0,0.016791044776119403,0.0,0,0
9914,美利達,TWSE,82.5,1368237.0,112315575.0,0.0,0.0,0.0,279.0,0.7406716417910447,0.5,0,0
9917,中保科,TWSE,106.0,469817.0,49540946.0,0.0,0.0,0.0,394.0,0.6333955223880597,0.0,0,0
9918,欣天然,TWSE,39.75,17517.0,692672.0,0.0,0.0,0.0,1005.0,0.06343283582089553,0.0,0,0
9919,康那香,TWSE,16.7,339362.0,5674979.0,0.0,0.0,0.0,737.0,0.31343283582089554,0.0,0,0
9921,巨大,TWSE,86.9,1286178.0,111995121.0,0.0,0.0,0.0,280.0,0.7397388059701493,0.5,0,0
9924,福興,TWSE,47.8,77898.0,3698653.0,0.0,0.0,0.0,808.0,0.24720149253731344,0.0,0,0
9925,新保,TWSE,41.15,298073.0,12225345.0,0.0,0.0,0.0,618.0,0.4244402985074627,0.0,0,0
9926,新海,TWSE,49.45,19210.0,947333.0,0.0,0.0,0.0,973.0,0.09328358208955224,0.0,0,0
9927,泰銘,TWSE,69.1,113796.0,7870081.0,0.0,0.0,0.0,685.0,0.3619402985074627,0.0,0,0
9928,中視,TWSE,18.3,15187.0,275807.0,0.0,0.0,0.0,1049.0,0.022388059701492536,0.0,0,0
9929,秋雨,TWSE,10.6,5455.0,57914.0,0.0,0.0,0.0,1069.0,0.0037313432835820895,0.0,0,0
9930,中聯資源,TWSE,69.1,153630.0,10604136.0,0.0,0.0,0.0,633.0,0.41044776119402987,0.0,0,0
9931,欣高,TWSE,34.1,8406.0,286262.0,0.0,0.0,0.0,1048.0,0.02332089552238806,0.0,0,0
9933,中鼎,TWSE,30.95,2718304.0,83993106.0,0.0,0.0,0.0,320.0,0.7024253731343284,0.5,0,0
9934,成霖,TWSE,9.96,435109.0,4320991.0,0.0,0.0,0.0,779.0,0.27425373134328357,0.0,0,0
9935,慶豐富,TWSE,19.25,330952.0,6429708.0,0.0,0.0,0.0,715.0,0.333955223880597,0.0,0,0
9937,全國,TWSE,57.3,25405.0,1453743.0,0.0,0.0,0.0,928.0,0.13526119402985073,0.0,0,0
9938,百和,TWSE,51.8,966901.0,50160743.0,0.0,0.0,0.0,390.0,0.6371268656716418,0.0,0,0
9939,宏全,TWSE,119.0,777183.0,92205828.0,0.0,0.0,0.0,303.0,0.7182835820895522,0.5,0,0
9940,信義,TWSE,21.8,266674.0,5801519.0,0.0,0.0,0.0,731.0,0.31902985074626866,0.0,0,0
9941,裕融,TWSE,76.7,2879832.0,221016684.0,0.0,0.0,0.0,221.0,0.7947761194029851,0.5,0,0
9942,茂順,TWSE,120.5,608259.0,71284067.0,0.0,0.0,0.0,341.0,0.6828358208955224,0.0,0,0
9943,好樂迪,TWSE,59.6,81007.0,4818615.0,0.0,0.0,0.0,759.0,0.292910447761194,0.0,0,0
9944,新麗,TWSE,16.75,43612.0,727319.0,0.0,0.0,0.0,1000.0,0.06809701492537314,0.0,0,0
9945,潤泰新,TWSE,29.1,4547223.0,131848282.0,0.0,0.0,0.0,264.0,0.7546641791044776,0.5,0,0
9946,三發地產,TWSE,16.35,739664.0,12102371.0,0.0,0.0,0.0,620.0,0.42257462686567165,0.0,0,0
9955,佳龍,TWSE,33.4,1108480.0,36986535.0,0.0,0.0,0.0,444.0,0.5867537313432836,0.0,0,0
9958,世紀鋼,TWSE,127.0,638256.0,80283659.0,0.0,0.0,0.0,325.0,0.6977611940298507,0.0,0,0
